
#include <Arduino.h>

const PROGMEM uint8_t samples[] = {
    0x0B, 0x00, 0x54, 0x00, 0x23, 0x00, 0x00, 0x00, 0x0F, 0x00, 0x41, 0x00, 0x54, 0xFF, 0x49, 0x00,
    0x82, 0xFF, 0x38, 0x00, 0x93, 0xFF, 0xED, 0xFF, 0x30, 0xFF, 0x0A, 0x00, 0x30, 0x00, 0x8F, 0xFF,
    0x02, 0x01, 0x2A, 0xF8, 0xA4, 0xF0, 0xEB, 0xE9, 0xD7, 0xE4, 0x85, 0xE9, 0x0F, 0xED, 0xA9, 0xEB,
    0xE9, 0xF0, 0xD8, 0xEC, 0x2B, 0xE4, 0xFB, 0xF7, 0x68, 0xF4, 0xAC, 0x02, 0xA3, 0xFF, 0xCE, 0xFA,
    0x35, 0xF8, 0xBB, 0x04, 0x1A, 0x00, 0x62, 0xE6, 0xE0, 0x03, 0x86, 0xF2, 0x7B, 0x4B, 0x2C, 0x05,
    0x59, 0x2D, 0xF2, 0x54, 0x4C, 0xF1, 0x11, 0xFE, 0x11, 0xF4, 0x05, 0x33, 0x77, 0x38, 0x0F, 0x18,
    0xF4, 0xF3, 0x0C, 0xE0, 0x76, 0xAA, 0xB5, 0xEF, 0x46, 0xD2, 0x57, 0xAD, 0x95, 0xA3, 0x0C, 0xAE,
    0x16, 0xAF, 0xBB, 0xAD, 0xBE, 0xC4, 0x57, 0xBA, 0x4A, 0xB1, 0xD7, 0xB2, 0xAA, 0xD6, 0x5A, 0xE3,
    0x50, 0x1F, 0xD1, 0x14, 0x0A, 0x21, 0xDF, 0xC4, 0x32, 0xF7, 0xED, 0x02, 0xB9, 0xFE, 0xBC, 0x06,
    0x64, 0xFA, 0x70, 0x30, 0xD4, 0x1A, 0x97, 0x3B, 0x70, 0x09, 0x9C, 0xCE, 0xAD, 0xF0, 0x25, 0x07,
    0x05, 0x0B, 0xB2, 0x20, 0x7E, 0x28, 0x52, 0x27, 0x35, 0x3E, 0xDF, 0x0F, 0x6C, 0xF7, 0x9F, 0x2E,
    0xC0, 0x29, 0xDC, 0x34, 0xF1, 0x1B, 0xD0, 0x2C, 0x10, 0xE0, 0xBB, 0x9F, 0xDD, 0xCA, 0x7D, 0xCD,
    0x15, 0xA7, 0x7A, 0x83, 0x48, 0xBC, 0x11, 0xB6, 0x64, 0xB9, 0x36, 0xC6, 0x67, 0x9C, 0xFD, 0xB5,
    0x79, 0xBE, 0x60, 0xB1, 0x2C, 0xA8, 0xDA, 0xC9, 0x6C, 0xB6, 0xD3, 0xD7, 0xB1, 0xDD, 0x44, 0xD3,
    0xEC, 0x18, 0x9C, 0xF2, 0xD2, 0xD1, 0xBE, 0xC9, 0x50, 0xED, 0x8D, 0xEA, 0x2C, 0x0E, 0x6C, 0x2C,
    0xD0, 0x26, 0xD7, 0x1C, 0xD5, 0x39, 0x04, 0x45, 0xB0, 0x42, 0xE8, 0x45, 0x31, 0x42, 0x98, 0x45,
    0x56, 0x41, 0xE3, 0x3E, 0xA2, 0x30, 0x95, 0x28, 0xD1, 0x06, 0xAC, 0xDE, 0x91, 0xE0, 0x1A, 0xF0,
    0x7C, 0xC3, 0xD3, 0xCC, 0xAB, 0xD2, 0xAD, 0xE4, 0x21, 0xEB, 0x7E, 0xF8, 0x26, 0xF5, 0x05, 0x05,
    0x09, 0x15, 0x38, 0x0E, 0xC0, 0x30, 0xB1, 0x1A, 0xFE, 0x0B, 0xC8, 0x09, 0x63, 0xFB, 0x57, 0xF9,
    0x6E, 0xF6, 0x7B, 0xD1, 0x64, 0xC7, 0x5E, 0xD3, 0x45, 0xDA, 0x8B, 0xAF, 0x78, 0xBA, 0xD0, 0xC0,
    0xCF, 0xB2, 0x20, 0xC4, 0x1B, 0xB7, 0x23, 0xC6, 0xAD, 0xD0, 0xAA, 0xDB, 0x5F, 0xDC, 0x22, 0xE2,
    0x2B, 0xDF, 0xF3, 0xDE, 0xD3, 0xE1, 0x03, 0xE2, 0xB5, 0xE1, 0x33, 0xE3, 0x73, 0xE2, 0xF6, 0xE0,
    0x7F, 0xD6, 0xA4, 0xD5, 0xB0, 0xD0, 0xB6, 0xD7, 0x83, 0xD8, 0xCA, 0xDB, 0xA6, 0xDF, 0xE6, 0xE2,
    0xA7, 0xEC, 0x41, 0x0B, 0x74, 0x24, 0x8D, 0xED, 0x97, 0x1B, 0x10, 0x0B, 0x28, 0x03, 0x4D, 0xFA,
    0xD4, 0xFF, 0x9E, 0xF7, 0x6A, 0xDA, 0xF9, 0xF3, 0x75, 0xE5, 0xBE, 0xFF, 0x0D, 0xF2, 0x10, 0xFC,
    0x3C, 0xF4, 0x61, 0xF6, 0x53, 0x09, 0xC4, 0x1B, 0x31, 0x03, 0x74, 0x15, 0x3A, 0x06, 0x1B, 0xFC,
    0x53, 0x13, 0xEA, 0xFD, 0x8D, 0xF6, 0x8A, 0xE5, 0xF8, 0xE8, 0x0C, 0xEB, 0x86, 0x09, 0xF7, 0x17,
    0x17, 0x20, 0x55, 0x21, 0x9B, 0x29, 0x21, 0x2F, 0x6D, 0x34, 0x62, 0x33, 0x25, 0x38, 0x62, 0x36,
    0xDA, 0x3A, 0x00, 0x3A, 0x8D, 0x43, 0xD2, 0x44, 0x25, 0x43, 0xFB, 0x3E, 0x6C, 0x56, 0x92, 0x56,
    0x90, 0x41, 0xF8, 0x4B, 0xE2, 0x14, 0x78, 0x0B, 0x98, 0xF7, 0x89, 0xF0, 0x8E, 0xF2, 0x57, 0xF3,
    0x5E, 0xF6, 0xA5, 0xF5, 0xA3, 0xF9, 0xF6, 0xF7, 0x44, 0xFD, 0x5C, 0xFA, 0x1C, 0x02, 0x8B, 0x05,
    0x20, 0x0C, 0x02, 0x0D, 0xC4, 0x14, 0x66, 0x11, 0x7B, 0x1A, 0xE6, 0x17, 0xFC, 0x2C, 0x81, 0x23,
    0xD5, 0x1E, 0x56, 0x3E, 0x42, 0x35, 0xB5, 0x31, 0x8E, 0x39, 0xF1, 0x5D, 0x27, 0x5B, 0x9A, 0x64,
    0x5C, 0x6D, 0x18, 0x5F, 0xB7, 0x52, 0x12, 0x50, 0x8A, 0x3D, 0xC0, 0x46, 0x1C, 0x38, 0x29, 0x32,
    0xD3, 0x43, 0x60, 0x25, 0xFC, 0x3C, 0x7D, 0x33, 0xA8, 0x38, 0x48, 0x31, 0x6A, 0x2D, 0x9E, 0x43,
    0x6D, 0x44, 0x8D, 0x48, 0x20, 0x4B, 0xEB, 0x40, 0x55, 0x4D, 0x17, 0x4A, 0xC9, 0x54, 0xBC, 0x5E,
    0xFE, 0x50, 0xCF, 0x60, 0x11, 0x55, 0x75, 0x5C, 0xBE, 0x48, 0x81, 0x47, 0x20, 0x45, 0x6C, 0x42,
    0x5C, 0x47, 0x58, 0x41, 0x1A, 0x4A, 0xE5, 0x49, 0x25, 0x4F, 0x9F, 0x55, 0xAD, 0x57, 0xC6, 0x56,
    0x87, 0x57, 0x26, 0x52, 0xFF, 0x57, 0x0B, 0x5A, 0xC5, 0x5F, 0x6E, 0x57, 0x5B, 0x4D, 0x8A, 0x4B,
    0x41, 0x46, 0x3E, 0x49, 0x51, 0x39, 0x0D, 0x3E, 0x37, 0x4B, 0x28, 0x40, 0x10, 0x42, 0xF0, 0x45,
    0x02, 0x4F, 0x2C, 0x4C, 0x4E, 0x4C, 0xA6, 0x4E, 0x18, 0x53, 0x18, 0x58, 0x68, 0x5A, 0xD2, 0x5F,
    0x5B, 0x5A, 0x16, 0x56, 0x6B, 0x4E, 0x5B, 0x59, 0x2E, 0x57, 0x64, 0x5D, 0x97, 0x5C, 0x1A, 0x55,
    0x2C, 0x54, 0x8F, 0x55, 0x6A, 0x56, 0x1C, 0x52, 0x1F, 0x51, 0x4B, 0x50, 0xEB, 0x5E, 0x2F, 0x5A,
    0x0E, 0x5D, 0xD9, 0x5D, 0xDF, 0x59, 0x71, 0x53, 0xAD, 0x56, 0xE0, 0x54, 0x41, 0x4B, 0x82, 0x4B,
    0xB2, 0x47, 0xA6, 0x4F, 0x0C, 0x4F, 0x95, 0x52, 0x67, 0x57, 0xDC, 0x52, 0x61, 0x58, 0x2D, 0x5A,
    0xD3, 0x5D, 0x0D, 0x62, 0x66, 0x5E, 0xE9, 0x5E, 0xC9, 0x58, 0x26, 0x54, 0x92, 0x4F, 0xE5, 0x4F,
    0x73, 0x44, 0x49, 0x46, 0x15, 0x50, 0xA1, 0x4A, 0x6F, 0x47, 0xA0, 0x41, 0xF5, 0x3F, 0x7C, 0x3D,
    0x58, 0x43, 0xF8, 0x46, 0x35, 0x48, 0x32, 0x40, 0x75, 0x42, 0x37, 0x42, 0x21, 0x41, 0xDD, 0x3F,
    0x60, 0x36, 0x8A, 0x35, 0x99, 0x37, 0xF0, 0x3F, 0x8B, 0x42, 0xA4, 0x41, 0x5B, 0x3B, 0x86, 0x3E,
    0x83, 0x3D, 0x67, 0x41, 0x01, 0x46, 0x77, 0x4A, 0x86, 0x47, 0xFD, 0x46, 0xD3, 0x46, 0x9A, 0x44,
    0x22, 0x46, 0x50, 0x3B, 0xB0, 0x3D, 0xEE, 0x3F, 0x44, 0x3F, 0xB3, 0x3B, 0x45, 0x36, 0x9F, 0x37,
    0x1A, 0x2F, 0x26, 0x3C, 0xCD, 0x3F, 0x35, 0xFB, 0x3A, 0x06, 0xAD, 0x47, 0xFF, 0x6C, 0xCC, 0x54,
    0xD0, 0x2A, 0x1F, 0xF6, 0x33, 0xD8, 0x7A, 0x0F, 0x20, 0x33, 0x7F, 0x42, 0xB2, 0x0B, 0x9C, 0xD8,
    0x66, 0xF6, 0x68, 0x51, 0xCF, 0x54, 0x9E, 0x18, 0x79, 0xF8, 0x3A, 0xDD, 0xBF, 0xBE, 0x3B, 0xB0,
    0x38, 0xD8, 0x88, 0xFD, 0xB4, 0x38, 0x02, 0x44, 0xEA, 0x10, 0xBE, 0xDB, 0xE5, 0xCA, 0x8D, 0x02,
    0x89, 0x20, 0x32, 0xFE, 0xC2, 0xE6, 0x44, 0xBF, 0xA9, 0xA6, 0x58, 0xCE, 0xBB, 0xF3, 0xAB, 0xF1,
    0x89, 0xEF, 0x4A, 0xED, 0xD9, 0xE4, 0xEF, 0xD6, 0x8A, 0xB2, 0xAB, 0xA8, 0xE9, 0xB1, 0xD2, 0xCA,
    0x69, 0xDD, 0x5B, 0xD2, 0xE1, 0xBC, 0x3E, 0xB1, 0x02, 0xC7, 0x35, 0xDB, 0x11, 0xD3, 0xD7, 0xC3,
    0x99, 0xC4, 0xC4, 0xC5, 0xB0, 0xAA, 0xFA, 0xAB, 0x1E, 0xB7, 0x3B, 0xB8, 0xE7, 0xC3, 0x5A, 0xB6,
    0x18, 0xB3, 0xC4, 0xA7, 0xD1, 0x9C, 0x70, 0x9D, 0x74, 0xA5, 0x7B, 0xAA, 0xC1, 0x9E, 0x54, 0xA6,
    0x4A, 0xAD, 0x68, 0xA8, 0x53, 0xAB, 0xEA, 0xB0, 0x3A, 0xBF, 0xE0, 0xBF, 0xCC, 0xA5, 0x39, 0x9D,
    0x35, 0xA2, 0xB9, 0xAD, 0x19, 0xA6, 0x86, 0xA3, 0x80, 0x9F, 0x43, 0x93, 0x0A, 0x95, 0x1E, 0x9A,
    0xAF, 0xA0, 0xD6, 0x98, 0xE1, 0x9E, 0x8A, 0x9E, 0x9A, 0xA9, 0xFA, 0xB4, 0xB5, 0xAA, 0x4F, 0xA6,
    0x37, 0xA8, 0x1B, 0xA6, 0x58, 0xA9, 0x91, 0xB3, 0x2F, 0xA8, 0x88, 0xAC, 0x06, 0xA5, 0x3B, 0xAD,
    0x85, 0xBC, 0x59, 0xB2, 0x2D, 0xBC, 0x9D, 0xB7, 0x5E, 0xAD, 0xA6, 0xA4, 0x16, 0xA1, 0xEB, 0xA2,
    0x06, 0xA1, 0xFA, 0xA5, 0x78, 0x9D, 0x4B, 0x97, 0xD3, 0x97, 0x1A, 0x91, 0x0D, 0x9F, 0x44, 0xA1,
    0xFF, 0x9D, 0xF1, 0xA2, 0x74, 0xA4, 0x5F, 0xAF, 0x93, 0xAB, 0x04, 0xA1, 0x07, 0xA1, 0x76, 0xA5,
    0xC9, 0xA5, 0x7E, 0x9F, 0x5C, 0x9F, 0x59, 0xA0, 0x60, 0xA3, 0x10, 0xA6, 0x6A, 0xAA, 0xEF, 0xBA,
    0x76, 0xB7, 0xD4, 0xAE, 0x0A, 0xA5, 0xD5, 0xA4, 0x52, 0xA8, 0x6D, 0xA2, 0x2C, 0xA4, 0x49, 0x9D,
    0x66, 0xA3, 0xD0, 0xA3, 0x43, 0x9D, 0x86, 0xA2, 0x39, 0xA2, 0xEC, 0x9E, 0x2C, 0xA0, 0x24, 0xA3,
    0xD0, 0xA1, 0xE6, 0xA3, 0xD7, 0xA1, 0x92, 0xA0, 0xBD, 0xA3, 0x45, 0xA2, 0x87, 0x95, 0x04, 0x96,
    0xEE, 0xA2, 0xA5, 0xA3, 0xBB, 0xAC, 0x3E, 0xAA, 0xB4, 0xA7, 0x31, 0xAC, 0xC9, 0xB0, 0x8E, 0xC1,
    0x2E, 0xC9, 0x89, 0xAA, 0x65, 0xA1, 0x84, 0xBF, 0xC6, 0xCC, 0xDE, 0xDA, 0x57, 0xDC, 0x9E, 0xC9,
    0xB1, 0xB9, 0x15, 0xBB, 0xFB, 0xBE, 0xDA, 0xBC, 0x73, 0xA6, 0x29, 0x9D, 0x43, 0xA6, 0x61, 0x99,
    0xA5, 0x8A, 0xF8, 0x97, 0xC5, 0xB3, 0x87, 0xB7, 0xB1, 0xAB, 0xD2, 0xA4, 0x76, 0xA5, 0x00, 0xA8,
    0x7A, 0xAB, 0x37, 0xA8, 0xAB, 0xA9, 0xEE, 0xA8, 0xFB, 0xB2, 0x9A, 0xB9, 0x40, 0xB5, 0xF7, 0xB4,
    0xD5, 0xB6, 0x40, 0xB4, 0x42, 0xAF, 0x18, 0xAC, 0x16, 0xA5, 0x71, 0xA8, 0x48, 0xA6, 0x58, 0xA1,
    0xD5, 0x9F, 0x81, 0x9F, 0xCC, 0xA2, 0xBC, 0xA7, 0x85, 0xA4, 0xCE, 0xA7, 0xFE, 0xA7, 0x93, 0xAA,
    0x0A, 0xB3, 0x6D, 0xAE, 0xF4, 0xA3, 0x5E, 0xA1, 0x6E, 0xA0, 0x5F, 0x9D, 0x02, 0x9B, 0x57, 0x9E,
    0x96, 0x9D, 0xA3, 0x98, 0xAB, 0x97, 0xF3, 0x8E, 0x20, 0x93, 0x8C, 0x95, 0x9B, 0x96, 0xE3, 0x9D,
    0x74, 0x9F, 0xAD, 0x9E, 0xCA, 0xAB, 0x4F, 0xAF, 0xAA, 0xAF, 0x8E, 0xA4, 0xC5, 0xA0, 0x66, 0xAD,
    0x0D, 0xAC, 0xCC, 0xA8, 0x46, 0xA1, 0x48, 0xA5, 0xED, 0xA1, 0xE1, 0xAD, 0x18, 0xB8, 0x61, 0xAA,
    0x45, 0xA5, 0xAB, 0xA4, 0x28, 0xA3, 0xA8, 0xAB, 0x6D, 0xA7, 0x71, 0x9D, 0xFE, 0xA3, 0x37, 0xA0,
    0xEB, 0xA5, 0xEF, 0xAA, 0xFC, 0xA4, 0xEF, 0xA8, 0x74, 0xAD, 0x25, 0xAA, 0xF6, 0xA9, 0x3D, 0xAF,
    0x42, 0xB1, 0x98, 0xB5, 0x48, 0xAC, 0x92, 0xA3, 0xFF, 0xA3, 0x0A, 0xA0, 0xD3, 0xA3, 0xDB, 0xA6,
    0xDC, 0x9E, 0x6A, 0xA5, 0xA2, 0xB3, 0x6C, 0xB1, 0xCF, 0xB3, 0xAE, 0xBD, 0xC0, 0xC8, 0x3E, 0xC2,
    0xDE, 0xC6, 0xCA, 0xB8, 0xE7, 0xB3, 0x42, 0xBF, 0xBD, 0xBA, 0x37, 0xCF, 0xC6, 0xC0, 0x77, 0xB2,
    0xD0, 0xB7, 0x03, 0xBF, 0x6A, 0xAF, 0xA6, 0xB1, 0x35, 0xC4, 0x82, 0xCB, 0x6C, 0xD0, 0x82, 0xBE,
    0x89, 0xBF, 0x50, 0xC4, 0x3E, 0xB4, 0x3D, 0xBE, 0x20, 0xCA, 0x23, 0xB6, 0x51, 0xBE, 0xDC, 0xB5,
    0x2C, 0xB6, 0xFE, 0xC1, 0x9B, 0xBB, 0xDB, 0xB0, 0x4B, 0xCB, 0xD3, 0xDA, 0xE1, 0xC2, 0xFF, 0xD0,
    0x01, 0xDB, 0xE6, 0xDF, 0x81, 0xD9, 0x94, 0xCF, 0x27, 0xCF, 0xE4, 0xCD, 0x8D, 0xC3, 0x76, 0xCB,
    0xC2, 0xD7, 0xB1, 0xCE, 0x7C, 0xD9, 0x2C, 0xE8, 0xAC, 0xD9, 0xCA, 0xD0, 0x77, 0xD9, 0x72, 0xE6,
    0x00, 0xF1, 0x2E, 0xE7, 0xEA, 0xCE, 0x86, 0xCE, 0xA3, 0xDE, 0xF4, 0xD8, 0x88, 0xD3, 0x13, 0xC9,
    0x77, 0xD3, 0xF5, 0xE7, 0xCD, 0xE1, 0x40, 0xD4, 0x2E, 0xCF, 0x16, 0xC6, 0xC9, 0xC8, 0xBF, 0xCD,
    0x7E, 0xD5, 0x2F, 0xE2, 0x68, 0xD7, 0x77, 0xCE, 0x8C, 0xD8, 0x30, 0xE6, 0x5F, 0xE0, 0x7A, 0xEC,
    0x2A, 0xED, 0x5E, 0xEF, 0x1B, 0xFC, 0x80, 0xF9, 0x32, 0xFC, 0x81, 0x08, 0x28, 0x01, 0x74, 0xF6,
    0x1B, 0x0B, 0x24, 0xF4, 0x97, 0xE9, 0x4B, 0xF9, 0x9F, 0xEE, 0xFA, 0xFE, 0x49, 0xFF, 0xE7, 0xE6,
    0x88, 0xF1, 0x2E, 0x00, 0xD8, 0xED, 0x6C, 0xEE, 0x81, 0x03, 0x7C, 0x0B, 0x5C, 0x0D, 0x4C, 0x01,
    0x07, 0xFC, 0x0C, 0x03, 0xC5, 0x0C, 0x74, 0x05, 0xD8, 0x08, 0x3D, 0x12, 0xC7, 0x16, 0x54, 0x14,
    0x1F, 0x01, 0x13, 0x0C, 0x1A, 0x12, 0x75, 0x06, 0x03, 0x0E, 0x26, 0x12, 0x0D, 0x11, 0x41, 0x12,
    0x35, 0x13, 0x38, 0x0F, 0x60, 0x12, 0xBD, 0x10, 0x5E, 0x0A, 0x42, 0x14, 0xA4, 0x11, 0x97, 0x1D,
    0x45, 0x32, 0xC1, 0x2A, 0x0B, 0x2C, 0xFD, 0x2E, 0xFE, 0x20, 0xF3, 0x27, 0x30, 0x2E, 0x58, 0x35,
    0x92, 0x36, 0xA4, 0x34, 0xE8, 0x3A, 0xF4, 0x37, 0x1E, 0x31, 0xAE, 0x30, 0x87, 0x3C, 0x4E, 0x36,
    0x53, 0x37, 0x66, 0x3E, 0x09, 0x3A, 0x86, 0x38, 0x15, 0x3A, 0x3E, 0x39, 0x29, 0x3A, 0xE8, 0x3A,
    0x38, 0x30, 0x84, 0x2F, 0xAA, 0x32, 0xFF, 0x2C, 0x50, 0x2B, 0x09, 0x2F, 0xD1, 0x30, 0x2D, 0x35,
    0x4B, 0x34, 0xF7, 0x2B, 0x2D, 0x2F, 0x5A, 0x3A, 0xF3, 0x41, 0xAE, 0x42, 0x90, 0x4C, 0x71, 0x4A,
    0x76, 0x50, 0x11, 0x5D, 0x00, 0x5C, 0x4A, 0x59, 0x6D, 0x50, 0xCE, 0x57, 0xCC, 0x58, 0x98, 0x59,
    0x73, 0x5F, 0xFA, 0x5E, 0xA1, 0x5C, 0xEB, 0x61, 0xE4, 0x5C, 0x09, 0x56, 0x62, 0x59, 0x64, 0x50,
    0x49, 0x51, 0xA9, 0x5A, 0x07, 0x5F, 0xBD, 0x5A, 0x0B, 0x60, 0x47, 0x64, 0x51, 0x63, 0xEF, 0x64,
    0x00, 0x60, 0x4D, 0x61, 0x09, 0x68, 0x59, 0x66, 0xDB, 0x5A, 0x23, 0x53, 0xA9, 0x5B, 0x0D, 0x59,
    0xD4, 0x4C, 0x84, 0x4C, 0x7F, 0x51, 0x42, 0x53, 0xB0, 0x52, 0x34, 0x60, 0xCE, 0x5D, 0xF5, 0x56,
    0x25, 0x5C, 0x2D, 0x5A, 0x25, 0x54, 0x5F, 0x5E, 0xAA, 0x58, 0xAD, 0x5A, 0x85, 0x65, 0x8F, 0x5A,
    0xFA, 0x67, 0xBD, 0x6D, 0x04, 0x6D, 0x31, 0x6F, 0x5F, 0x6D, 0x55, 0x68, 0xDD, 0x6F, 0x9B, 0x6C,
    0x26, 0x62, 0xDB, 0x6A, 0xBF, 0x67, 0x0C, 0x6B, 0xE5, 0x6B, 0x0C, 0x6C, 0x79, 0x68, 0xD0, 0x62,
    0x11, 0x69, 0x3D, 0x67, 0xC2, 0x6B, 0x52, 0x6A, 0xDB, 0x64, 0xB8, 0x69, 0x22, 0x64, 0x64, 0x5E,
    0x2A, 0x65, 0xBF, 0x6A, 0x7E, 0x6A, 0x7A, 0x69, 0xD6, 0x67, 0x0C, 0x63, 0xA5, 0x60, 0xD0, 0x63,
    0xB9, 0x5C, 0xED, 0x5C, 0x78, 0x65, 0x2E, 0x65, 0xBF, 0x61, 0x88, 0x65, 0x4E, 0x69, 0xF5, 0x67,
    0x52, 0x6B, 0x45, 0x6A, 0x1F, 0x6C, 0x3C, 0x68, 0x0C, 0x64, 0x93, 0x6B, 0xBA, 0x60, 0x29, 0x5C,
    0x6B, 0x67, 0x0F, 0x65, 0xD4, 0x63, 0x1A, 0x6B, 0x44, 0x6B, 0x84, 0x6A, 0xDA, 0x65, 0x84, 0x64,
    0x59, 0x6C, 0x70, 0x6F, 0x2D, 0x69, 0x84, 0x68, 0xF1, 0x73, 0x4B, 0x6B, 0xF3, 0x6B, 0x90, 0x65,
    0xDC, 0x62, 0xE5, 0x68, 0xFE, 0x5D, 0xC1, 0x58, 0x0B, 0x60, 0x4D, 0x64, 0x43, 0x59, 0x7C, 0x5E,
    0x22, 0x5C, 0xBD, 0x56, 0xAC, 0x55, 0x21, 0x4C, 0x04, 0x4C, 0x6B, 0x50, 0x0C, 0x4B, 0xDC, 0x53,
    0xB7, 0x5A, 0x8D, 0x59, 0xA7, 0x5F, 0xD8, 0x60, 0x6E, 0x63, 0xC6, 0x5C, 0xBE, 0x59, 0xC2, 0x5A,
    0x96, 0x53, 0x8B, 0x55, 0xD9, 0x56, 0x29, 0x53, 0x17, 0x52, 0xB6, 0x4E, 0xA4, 0x53, 0xBF, 0x56,
    0x9A, 0x58, 0x1F, 0x51, 0x99, 0x4C, 0xAF, 0x4D, 0x5C, 0x4D, 0x1B, 0x4E, 0x94, 0x4C, 0x50, 0x55,
    0x50, 0x56, 0x0C, 0x55, 0xE4, 0x58, 0xA1, 0x58, 0xDE, 0x55, 0x59, 0x49, 0x54, 0x41, 0x26, 0x48,
    0x53, 0x46, 0x98, 0x44, 0x83, 0x47, 0xC8, 0x42, 0x34, 0x46, 0xF5, 0x4D, 0x50, 0x3F, 0x82, 0x3D,
    0xD8, 0x47, 0x28, 0x44, 0x75, 0x4D, 0x0E, 0x54, 0x1C, 0x4D, 0xF6, 0x4A, 0xE8, 0x50, 0xAF, 0x4B,
    0x19, 0x4C, 0x0B, 0x4A, 0x00, 0x36, 0x62, 0x36, 0xB8, 0x2A, 0xDC, 0x20, 0x2C, 0x2E, 0x09, 0x28,
    0x98, 0x23, 0x00, 0x2A, 0xDF, 0x2F, 0x63, 0x39, 0x98, 0x3D, 0x13, 0x36, 0xB5, 0x35, 0xB2, 0x31,
    0xE1, 0x2C, 0xD9, 0x28, 0x7B, 0x29, 0x40, 0x21, 0x4B, 0x18, 0x25, 0x2E, 0x99, 0x2B, 0x6C, 0x28,
    0xCC, 0x29, 0x47, 0x25, 0xA5, 0x27, 0xD9, 0x30, 0xBC, 0x28, 0x61, 0x1B, 0x00, 0x24, 0xCC, 0x1F,
    0x7F, 0x1F, 0x5B, 0x1D, 0xE7, 0x10, 0x5A, 0x10, 0x2F, 0x1D, 0x44, 0x18, 0x08, 0x1A, 0xD9, 0x1D,
    0x33, 0x11, 0x9B, 0x0D, 0xAA, 0x11, 0x36, 0x0C, 0xB7, 0x06, 0xB7, 0x0F, 0x70, 0x16, 0x09, 0x14,
    0x4B, 0x13, 0x72, 0x11, 0x2A, 0xFE, 0x18, 0xF8, 0x0E, 0xF8, 0x32, 0xFA, 0x1A, 0xFB, 0x6B, 0xFB,
    0x2D, 0xF1, 0x9C, 0xEF, 0xE9, 0xF6, 0x83, 0xF0, 0x3F, 0xFD, 0xA4, 0x07, 0x71, 0x08, 0x1E, 0x04,
    0x25, 0x08, 0xEC, 0xFF, 0xFF, 0xFA, 0x34, 0x00, 0xA5, 0x03, 0xA2, 0x0B, 0x8D, 0x05, 0x2C, 0xF8,
    0x81, 0xEE, 0x6D, 0xEC, 0x1D, 0xF1, 0x74, 0xF2, 0x23, 0xF3, 0xCD, 0xE5, 0x74, 0xE0, 0x5A, 0xE5,
    0xEE, 0xCB, 0x5E, 0xE4, 0x3E, 0xF4, 0xD3, 0xEC, 0xAF, 0xF8, 0xA0, 0xF6, 0x27, 0xFB, 0x10, 0xF0,
    0x69, 0xEF, 0xFD, 0xFD, 0xD6, 0xFD, 0x43, 0xF1, 0x2A, 0xE6, 0x23, 0xEA, 0x84, 0xE4, 0x07, 0xE1,
    0x4A, 0xEF, 0x84, 0xE9, 0x38, 0xE6, 0x67, 0xEC, 0xB6, 0xE6, 0x8D, 0xE2, 0x08, 0xEB, 0xA8, 0xE9,
    0x05, 0xE8, 0x3C, 0xEC, 0x05, 0xE0, 0xD5, 0xE5, 0x04, 0xEE, 0x99, 0xDE, 0x18, 0xDE, 0x68, 0xDB,
    0x7E, 0xD0, 0xF8, 0xCD, 0x3C, 0xC2, 0x1B, 0xC5, 0x4B, 0xCF, 0x33, 0xCF, 0x96, 0xCE, 0x53, 0xD5,
    0x45, 0xDD, 0x6A, 0xDE, 0x95, 0xD9, 0x33, 0xD7, 0xEF, 0xD9, 0xF5, 0xD0, 0x04, 0xC9, 0x2C, 0xC8,
    0x5C, 0xC9, 0x03, 0xC8, 0xE8, 0xC3, 0x26, 0xBA, 0x9B, 0xB6, 0xD2, 0xB9, 0x14, 0xB5, 0x65, 0xB9,
    0x82, 0xBB, 0xEF, 0xB5, 0xA0, 0xBB, 0xBE, 0xC3, 0x19, 0xC0, 0x6B, 0xBB, 0xF1, 0xB9, 0x34, 0xB8,
    0x30, 0xB4, 0x71, 0xB6, 0xFF, 0xB6, 0xEA, 0xB3, 0x68, 0xB8, 0x61, 0xB7, 0x84, 0xB8, 0xCA, 0xC0,
    0x64, 0xC1, 0x3C, 0xC3, 0x7A, 0xCB, 0xC7, 0xC9, 0xA1, 0xC8, 0x98, 0xCC, 0x36, 0xC9, 0x36, 0xBE,
    0x31, 0xC4, 0x15, 0xC4, 0xF7, 0xB7, 0xE4, 0xC1, 0xD2, 0xC9, 0xA8, 0xCB, 0x94, 0xCC, 0xA3, 0xCB,
    0x96, 0xCB, 0x9F, 0xC9, 0x10, 0xC8, 0x5F, 0xCA, 0xDE, 0xCC, 0x92, 0xCD, 0x29, 0xC4, 0xD7, 0xB8,
    0x50, 0xB4, 0xEC, 0xAA, 0x13, 0xB0, 0x5E, 0xBD, 0x80, 0xBF, 0x86, 0xBC, 0x34, 0xB9, 0xDF, 0xB2,
    0x68, 0xB5, 0xCD, 0xC1, 0xB6, 0xC0, 0x9D, 0xC9, 0xC3, 0xD1, 0x56, 0xBF, 0xBB, 0xC1, 0x96, 0xC3,
    0x12, 0xBE, 0x7B, 0xD0, 0x21, 0xCB, 0xDC, 0xB9, 0xA2, 0xB8, 0x8D, 0xBB, 0xBA, 0xC2, 0x1C, 0xD0,
    0x5F, 0xC9, 0xED, 0xBD, 0x1D, 0xC5, 0xDD, 0xBA, 0x56, 0xB2, 0x89, 0xB0, 0x05, 0xAF, 0x5C, 0xBF,
    0xCC, 0xC9, 0xA7, 0xC6, 0xCD, 0xC7, 0xE1, 0xC9, 0xF5, 0xC4, 0x82, 0xCE, 0x32, 0xD1, 0xEF, 0xC1,
    0x01, 0xC7, 0x78, 0xC4, 0xF5, 0xBB, 0x76, 0xBE, 0x95, 0xBD, 0x34, 0xB9, 0xF6, 0xBE, 0xA3, 0xB8,
    0x02, 0xB8, 0xDA, 0xCB, 0x7A, 0xC3, 0xAA, 0xC3, 0x28, 0xD2, 0x2F, 0xD1, 0x12, 0xD5, 0x4B, 0xE6,
    0xC5, 0xE5, 0x75, 0xEB, 0x9F, 0xF4, 0x0E, 0xF0, 0x40, 0xFA, 0x43, 0xF6, 0xBF, 0xE3, 0xF8, 0xDA,
    0x8A, 0xDC, 0xF6, 0xDB, 0x73, 0xD3, 0x61, 0xC9, 0x6D, 0xC6, 0xAA, 0xCA, 0x49, 0xC4, 0x57, 0xC5,
    0x8A, 0xD0, 0xC8, 0xCF, 0x50, 0xD6, 0x92, 0xDC, 0xF5, 0xDA, 0xB8, 0xDA, 0x36, 0xD8, 0xA1, 0xD1,
    0x3A, 0xD6, 0x2D, 0xD2, 0x0A, 0xC9, 0xFF, 0xCE, 0xEC, 0xC2, 0x10, 0xC2, 0xC9, 0xCD, 0x78, 0xCC,
    0x51, 0xCB, 0x0E, 0xDB, 0x3B, 0xDF, 0xC3, 0xE5, 0xA7, 0xEF, 0xC2, 0xD7, 0x22, 0xD7, 0x0B, 0xE5,
    0x95, 0xDF, 0xA5, 0xE1, 0xFD, 0xEB, 0xF5, 0xF1, 0x9A, 0xF6, 0xBB, 0xF6, 0x5A, 0xF2, 0x79, 0xEF,
    0xF3, 0xF3, 0xAE, 0xF4, 0x2B, 0xF5, 0xD9, 0xE9, 0x82, 0xE3, 0x2C, 0xF0, 0x3C, 0xE7, 0x9C, 0xDF,
    0xC9, 0xE0, 0x34, 0xD0, 0x66, 0xCF, 0x10, 0xD8, 0xC9, 0xCE, 0x60, 0xD4, 0xC9, 0xDC, 0x6D, 0xCF,
    0x9D, 0xD1, 0x95, 0xD4, 0x62, 0xC5, 0x26, 0xD7, 0x44, 0xDD, 0x69, 0xD4, 0xF9, 0xE4, 0x4C, 0xE6,
    0xFE, 0xE1, 0xE0, 0xEE, 0x93, 0xF4, 0x27, 0xF2, 0x3B, 0xF8, 0xDE, 0xF0, 0xB7, 0xE0, 0x33, 0xF1,
    0xE5, 0xF4, 0xD8, 0xEE, 0xD9, 0xF1, 0x5A, 0xE5, 0x83, 0xE8, 0xB0, 0xF0, 0x0B, 0xE6, 0xD6, 0xE2,
    0xBF, 0xED, 0x65, 0xEF, 0x89, 0xF7, 0x02, 0xF4, 0x1B, 0xE7, 0xE7, 0xEA, 0x3D, 0xE7, 0x48, 0xE1,
    0x72, 0xEC, 0x35, 0xE6, 0x60, 0xDB, 0x5A, 0xDE, 0x19, 0xD9, 0xC8, 0xD4, 0x09, 0xD2, 0x94, 0xD1,
    0x11, 0xD4, 0xC2, 0xD2, 0xF8, 0xD1, 0x6A, 0xD3, 0x09, 0xD8, 0xD4, 0xD5, 0x7B, 0xDB, 0x3B, 0xE5,
    0x06, 0xE3, 0xB6, 0xEC, 0xF3, 0xED, 0x32, 0xEA, 0x01, 0xF1, 0x69, 0xF5, 0x93, 0xEE, 0x59, 0xF0,
    0x15, 0xEE, 0x4E, 0xEC, 0x2F, 0xF6, 0xCF, 0xF6, 0x0F, 0xFB, 0x71, 0xFB, 0x37, 0xED, 0x47, 0xED,
    0x2F, 0xF0, 0x05, 0xE8, 0xEE, 0xEE, 0x5C, 0xF5, 0xC8, 0xF0, 0xC1, 0xF3, 0x05, 0xFE, 0xD6, 0xF8,
    0xDF, 0xF8, 0x8A, 0xF4, 0x51, 0xEA, 0x79, 0xF2, 0xC5, 0xEF, 0xEE, 0xEC, 0xE8, 0xF6, 0xFF, 0xEE,
    0x10, 0xEA, 0xF3, 0xEE, 0x1F, 0xED, 0x9F, 0xEA, 0x4D, 0xE7, 0x13, 0xE8, 0x43, 0xEF, 0xC8, 0xFA,
    0x47, 0xF7, 0xBA, 0x01, 0xA5, 0x09, 0x7F, 0x00, 0x9A, 0x09, 0xA1, 0x10, 0xFF, 0x0D, 0xF7, 0x0D,
    0xB2, 0x07, 0x6B, 0xFC, 0x21, 0x05, 0x58, 0x00, 0x87, 0xF6, 0xA1, 0xFF, 0x4C, 0xED, 0xC1, 0xDF,
    0x58, 0xE6, 0x44, 0xE6, 0x7E, 0xE9, 0xB6, 0xE6, 0x67, 0xDD, 0x73, 0xDD, 0xD2, 0xE4, 0x0D, 0xE0,
    0xD3, 0xEA, 0xD6, 0xF5, 0x5C, 0xF5, 0xA1, 0xF7, 0xEC, 0xFF, 0xB1, 0xFF, 0xFA, 0xF9, 0xDB, 0x04,
    0x3B, 0xFE, 0x3A, 0x03, 0x3E, 0x03, 0x49, 0xF9, 0xF6, 0xF5, 0xCC, 0xED, 0x25, 0xF2, 0xD8, 0xED,
    0xA8, 0xE9, 0x31, 0xF2, 0xD5, 0xF8, 0xD4, 0xF7, 0xD4, 0xFD, 0x90, 0x04, 0x44, 0xFE, 0x9D, 0x05,
    0x38, 0x07, 0x84, 0xFE, 0x16, 0xF7, 0x9F, 0xF8, 0x29, 0xF2, 0x93, 0xEC, 0x23, 0xE6, 0x26, 0xDD,
    0xE9, 0xE3, 0x2F, 0xD9, 0xA1, 0xE0, 0xAB, 0xCA, 0xE6, 0xCE, 0xE0, 0xE2, 0x22, 0xCB, 0xF6, 0xF2,
    0x6C, 0xDC, 0xE1, 0x0C, 0xB8, 0x3F, 0xB5, 0x06, 0x54, 0x2D, 0x5A, 0x1E, 0xD3, 0x05, 0x11, 0x05,
    0x23, 0xFA, 0x23, 0xFF, 0xD9, 0xFF, 0xA9, 0xFC, 0xAF, 0x04, 0x03, 0x04, 0x81, 0x03, 0x7F, 0xFE,
    0x61, 0xE6, 0xDD, 0xF4, 0x20, 0xED, 0x40, 0xE7, 0x58, 0xDC, 0x6F, 0x03, 0x6C, 0x14, 0xBD, 0xF7,
    0x25, 0xEF, 0x1E, 0xD9, 0xDB, 0xF4, 0x57, 0xE6, 0xE7, 0xDD, 0x35, 0xDD, 0x65, 0xDC, 0xF8, 0xCC,
    0x82, 0xF8, 0x76, 0xFD, 0x66, 0xF7, 0xBB, 0x1F, 0x0D, 0xFC, 0x18, 0x15, 0xFB, 0x13, 0x70, 0x34,
    0x67, 0x06, 0x29, 0xD1, 0x95, 0xE1, 0xB1, 0xC6, 0xD7, 0xAE, 0x40, 0xA9, 0x92, 0xA4, 0xA7, 0x8A,
    0xCB, 0x95, 0x8B, 0x8F, 0xA2, 0xB7, 0x70, 0xB1, 0x80, 0xA3, 0x33, 0xE2, 0x6F, 0xC5, 0x20, 0xE3,
    0x2C, 0xB4, 0x5F, 0x9D, 0x52, 0xBA, 0xBE, 0xC5, 0xBB, 0xF4, 0xD2, 0xCD, 0x3B, 0xFA, 0x99, 0xDF,
    0x6D, 0xE9, 0x92, 0x1C, 0x49, 0x0E, 0x17, 0x08, 0xED, 0xDE, 0xB1, 0xE8, 0x34, 0xD0, 0x9F, 0xBC,
    0x4D, 0xC9, 0x62, 0xAC, 0x42, 0xD7, 0x28, 0xC7, 0xF9, 0xDD, 0xE7, 0xD4, 0xFE, 0xCA, 0xF5, 0xE4,
    0x09, 0xB3, 0x2B, 0xD4, 0xBC, 0xD4, 0x73, 0xEA, 0x13, 0x02, 0x89, 0xDF, 0x17, 0xDE, 0x5B, 0xD3,
    0x7A, 0xE1, 0x55, 0xF8, 0xF2, 0xE9, 0xA2, 0xE1, 0xBC, 0xC5, 0x74, 0xF1, 0x8A, 0xE5, 0x3E, 0xEB,
    0x61, 0xD5, 0x66, 0xC4, 0xDC, 0xF4, 0x61, 0xEA, 0xBC, 0xED, 0x46, 0xE1, 0x79, 0xDF, 0x15, 0xDB,
    0x87, 0xDA, 0x54, 0xC5, 0x6A, 0xCC, 0x4E, 0xD5, 0xE2, 0xCD, 0x93, 0xD5, 0x05, 0xB3, 0xD8, 0xA2,
    0x86, 0xC1, 0x34, 0xBF, 0x71, 0xAC, 0x97, 0xB9, 0x27, 0xC0, 0xDB, 0xAD, 0x31, 0xC1, 0x60, 0xCB,
    0xF4, 0xCA, 0x3C, 0xCD, 0xAB, 0xD2, 0x21, 0xD2, 0xA2, 0xC7, 0xCF, 0xCA, 0x74, 0xD1, 0x4B, 0xD5,
    0x62, 0xD4, 0x00, 0xD5, 0xE1, 0xCA, 0x60, 0xD0, 0xBB, 0xCC, 0xC1, 0xC0, 0x22, 0xB9, 0x82, 0xB9,
    0x12, 0xB9, 0xC9, 0xC9, 0x5F, 0xC3, 0x57, 0xBC, 0x23, 0xE7, 0xBA, 0xC8, 0x75, 0xBA, 0x58, 0xD5,
    0xF8, 0xC9, 0xC5, 0xBC, 0x8E, 0xBF, 0x0D, 0xDE, 0xED, 0xCD, 0x4C, 0xD2, 0x86, 0xD8, 0x43, 0xD3,
    0xB7, 0xDB, 0xFD, 0xD5, 0xCD, 0xD5, 0x6F, 0xCC, 0x33, 0xE7, 0x5E, 0xDC, 0x2F, 0xC9, 0x82, 0xC9,
    0xC1, 0xC1, 0xDB, 0xCF, 0xD3, 0xCC, 0x13, 0xC9, 0x98, 0xB8, 0x06, 0xBE, 0xC8, 0xC5, 0xB0, 0x9E,
    0xBD, 0xA4, 0x72, 0xBC, 0x28, 0xCA, 0xA6, 0xDB, 0x1C, 0xDE, 0x72, 0xDE, 0x45, 0xE3, 0x71, 0xE4,
    0xB5, 0xE5, 0xC0, 0xEF, 0xC9, 0xF7, 0xA5, 0xF8, 0x48, 0xFC, 0x3A, 0x01, 0x36, 0xFC, 0x8E, 0xFE,
    0xCF, 0x01, 0x6D, 0xFC, 0xAC, 0x00, 0x57, 0x0B, 0xDE, 0x08, 0xDC, 0x0C, 0x26, 0x11, 0xC9, 0x09,
    0xD9, 0x0A, 0x65, 0x10, 0x52, 0x12, 0x1D, 0x1E, 0x22, 0x23, 0x3F, 0x28, 0x24, 0x29, 0xD5, 0x37,
    0x08, 0x3D, 0xA4, 0x3F, 0x5C, 0x54, 0x90, 0x5C, 0x87, 0x63, 0x7F, 0x66, 0x90, 0x76, 0xDF, 0x42,
    0x0A, 0x2F, 0xAD, 0x2E, 0xD6, 0x2C, 0x38, 0x18, 0xEC, 0xF6, 0x6D, 0x04, 0xBD, 0xFA, 0xB9, 0xFB,
    0x48, 0xFB, 0x72, 0xFB, 0xD7, 0xF4, 0x2B, 0xFF, 0x2F, 0xF5, 0xDB, 0xFA, 0xAE, 0xF4, 0x6D, 0x00,
    0x77, 0xFC, 0xE7, 0xEF, 0x05, 0x07, 0x75, 0x0D, 0x3A, 0x0D, 0x45, 0x03, 0xCE, 0x15, 0xC8, 0xF6,
    0xAA, 0x10, 0x07, 0x17, 0x3D, 0x03, 0x3D, 0x29, 0x7D, 0x1B, 0x37, 0x06, 0x3F, 0x1D, 0x30, 0x24,
    0xF9, 0x12, 0x94, 0x3B, 0xE5, 0x45, 0x02, 0x44, 0x59, 0x52, 0xBD, 0x4C, 0x4A, 0x43, 0xF2, 0x4A,
    0x44, 0x4B, 0xBF, 0x49, 0x3B, 0x5C, 0x0C, 0x5C, 0x5E, 0x63, 0x6A, 0x5D, 0xEC, 0x5E, 0xE9, 0x44,
    0x39, 0x4E, 0x0B, 0x5B, 0x48, 0x5A, 0xFC, 0x5D, 0xC9, 0x4D, 0x0C, 0x4D, 0xBA, 0x3D, 0x72, 0x50,
    0xC6, 0x51, 0x17, 0x45, 0x69, 0x45, 0x91, 0x4D, 0xB1, 0x46, 0x6D, 0x4D, 0xE7, 0x49, 0x08, 0x41,
    0x68, 0x4B, 0x2D, 0x53, 0xC2, 0x60, 0xBB, 0x57, 0x9A, 0x57, 0xDA, 0x54, 0x20, 0x5A, 0x2F, 0x5A,
    0xD2, 0x4A, 0x32, 0x50, 0xE5, 0x4A, 0x6E, 0x4F, 0xB8, 0x48, 0x9E, 0x40, 0x99, 0x49, 0xF9, 0x4C,
    0xC2, 0x5A, 0x89, 0x59, 0x2A, 0x4B, 0xAE, 0x4C, 0x8B, 0x51, 0x46, 0x42, 0x5E, 0x40, 0xA2, 0x46,
    0x40, 0x4F, 0x47, 0x57, 0x09, 0x5A, 0xAD, 0x54, 0x38, 0x56, 0x59, 0x59, 0x3E, 0x5B, 0x7D, 0x4D,
    0xD2, 0x58, 0xD0, 0x60, 0x33, 0x5D, 0xA2, 0x5A, 0x36, 0x57, 0x7F, 0x5A, 0x11, 0x49, 0xBF, 0x4E,
    0x6D, 0x50, 0xE7, 0x4C, 0x97, 0x3D, 0x63, 0x47, 0xD3, 0x44, 0x1C, 0x4D, 0x2E, 0x51, 0x53, 0x4D,
    0xE1, 0x48, 0x58, 0x3E, 0x44, 0x47, 0x54, 0x44, 0xA3, 0x48, 0x93, 0x4B, 0xA9, 0x57, 0xEE, 0x54,
    0xDD, 0x4E, 0x41, 0x51, 0x0C, 0x58, 0x9F, 0x52, 0xBC, 0x4E, 0x6C, 0x4D, 0x72, 0x4E, 0x27, 0x45,
    0x47, 0x3D, 0xE5, 0x39, 0xB0, 0x3A, 0x3D, 0x41, 0x81, 0x49, 0xCF, 0x51, 0x65, 0x49, 0x97, 0x45,
    0xFD, 0x37, 0xB6, 0x38, 0xEA, 0x35, 0x47, 0x39, 0x9B, 0x33, 0xF4, 0x26, 0xF4, 0x2A, 0x29, 0x24,
    0x2C, 0x2C, 0x5C, 0x2E, 0x08, 0x26, 0x89, 0x27, 0x8F, 0x26, 0x87, 0x1E, 0xC3, 0x2C, 0x59, 0x1A,
    0x46, 0x2B, 0xD0, 0x43, 0xF5, 0xE6, 0x94, 0xEE, 0xEF, 0x2F, 0xC9, 0x53, 0x41, 0x58, 0x15, 0x2A,
    0x36, 0xEA, 0x34, 0xB9, 0x01, 0xF8, 0x06, 0x18, 0xC3, 0x24, 0xAC, 0x24, 0xCB, 0xD8, 0x0D, 0xD0,
    0x74, 0x25, 0x32, 0x48, 0x91, 0x26, 0xBC, 0xF1, 0xAF, 0xCD, 0x5A, 0xC2, 0xAC, 0xA5, 0xB1, 0xC8,
    0x46, 0xFB, 0x0F, 0x1C, 0x59, 0x32, 0x63, 0x0B, 0x95, 0xD2, 0xC6, 0xAC, 0x1A, 0xCF, 0x54, 0x05,
    0xA1, 0xE2, 0x19, 0xCB, 0x21, 0xBE, 0xDD, 0x94, 0x5E, 0xA9, 0x43, 0xCF, 0xE2, 0xDA, 0x78, 0xDD,
    0xFD, 0xE0, 0x17, 0xDE, 0x09, 0xCD, 0xF0, 0xB3, 0xE7, 0xA4, 0xB6, 0xA4, 0x40, 0xB5, 0x33, 0xCE,
    0x9F, 0xD2, 0xF7, 0xBB, 0xBC, 0xA7, 0x96, 0xB2, 0x89, 0xBB, 0x37, 0xB8, 0xDD, 0xA4, 0xC9, 0xA9,
    0x72, 0xAE, 0x84, 0x9D, 0xD5, 0x9C, 0x53, 0xA2, 0x20, 0xAD, 0x90, 0xB2, 0x87, 0xAE, 0x24, 0xA5,
    0x8A, 0xB2, 0xD0, 0xAC, 0xD7, 0x9B, 0x45, 0xA4, 0xC6, 0xB8, 0x99, 0xB0, 0x21, 0xAA, 0xF1, 0xB0,
    0xE7, 0xA9, 0xC5, 0xAE, 0x69, 0xAB, 0x57, 0xB5, 0x5D, 0xB5, 0x54, 0xAB, 0xBD, 0x9B, 0x49, 0x97,
    0xD0, 0xB2, 0xFE, 0xC4, 0x78, 0xC6, 0xB2, 0xBC, 0xCA, 0xB3, 0x57, 0xAD, 0xE6, 0xAC, 0xF1, 0xAA,
    0x63, 0xA8, 0x05, 0xA5, 0x7C, 0x97, 0xA5, 0x9E, 0xF0, 0xA6, 0x91, 0xA4, 0x5B, 0xA5, 0x0B, 0xA0,
    0x4D, 0x98, 0xD9, 0x9E, 0x11, 0xA7, 0x3C, 0x97, 0x8F, 0x98, 0x19, 0x8D, 0xE8, 0x8F, 0xB8, 0xAD,
    0xD6, 0xB2, 0x86, 0xB4, 0x9E, 0xA6, 0x66, 0x9C, 0xB4, 0x91, 0x40, 0x97, 0x0A, 0x9E, 0x03, 0x96,
    0x23, 0x98, 0xFC, 0x8F, 0x5F, 0x99, 0x4A, 0xA3, 0x95, 0xA4, 0xF7, 0xAC, 0x7D, 0xB9, 0x70, 0xB0,
    0x9D, 0xA3, 0xB8, 0x9B, 0x9D, 0x9B, 0x93, 0xAC, 0x21, 0xA6, 0x86, 0xB4, 0x96, 0xAE, 0x96, 0xAC,
    0x41, 0xA6, 0xD1, 0x9A, 0x1E, 0xAE, 0x26, 0xAE, 0xCC, 0xAB, 0xE0, 0x99, 0x2C, 0xA3, 0x97, 0xAA,
    0x10, 0xA6, 0xD4, 0x9F, 0xC8, 0x9F, 0xFC, 0xAC, 0xB5, 0xAD, 0x15, 0xAD, 0x2C, 0xAF, 0x28, 0xA6,
    0x2B, 0xAB, 0x76, 0xB6, 0x15, 0xAE, 0x6A, 0xB2, 0xC0, 0xAC, 0x9B, 0xB6, 0xEA, 0xB2, 0x2D, 0xC2,
    0xCC, 0xD3, 0xFE, 0xBE, 0x24, 0xB7, 0xEC, 0xB0, 0xEB, 0xAB, 0x60, 0xA7, 0xFF, 0xA7, 0xF8, 0x94,
    0xAB, 0x8D, 0x88, 0x96, 0x5F, 0x99, 0x6A, 0xA0, 0xB7, 0x9D, 0x79, 0x9E, 0xB6, 0x9D, 0x4A, 0x9E,
    0xC5, 0xAC, 0x70, 0xBC, 0x26, 0xB5, 0x49, 0x9D, 0x9E, 0xB3, 0x28, 0xCF, 0xCD, 0xD7, 0xE2, 0xD7,
    0x90, 0xC4, 0x6B, 0xB9, 0xDD, 0xB3, 0x62, 0xB4, 0xD0, 0xB9, 0xC2, 0xAD, 0xE8, 0xA4, 0x0A, 0xA6,
    0xD3, 0x9B, 0xBF, 0x99, 0x68, 0xA9, 0xB9, 0xBC, 0xEB, 0xD4, 0x9E, 0xDE, 0x29, 0xC8, 0xF4, 0xBC,
    0xB3, 0xB1, 0xE8, 0xA6, 0x52, 0xA7, 0xF7, 0xA8, 0xFE, 0xAB, 0x53, 0xAB, 0x67, 0xAA, 0xC8, 0xAA,
    0xF6, 0xA9, 0x46, 0xA8, 0x50, 0xAA, 0x25, 0xA7, 0xB9, 0xA3, 0xEB, 0xA7, 0x2E, 0xA6, 0x52, 0xA8,
    0x60, 0xAA, 0x2C, 0xAE, 0xD3, 0xB9, 0x74, 0xB4, 0x83, 0xAF, 0x08, 0xAC, 0xFF, 0xA8, 0x31, 0xAC,
    0x57, 0xAB, 0x35, 0xA9, 0xA4, 0xAB, 0x82, 0xAA, 0xE3, 0xA8, 0xE1, 0xA9, 0x8B, 0xAA, 0x49, 0xA5,
    0x53, 0xA3, 0xFB, 0xA5, 0xF2, 0xA2, 0x49, 0xA4, 0x1C, 0xA4, 0x32, 0x99, 0xF1, 0x95, 0x8A, 0x92,
    0xA7, 0x8E, 0x45, 0x9A, 0x94, 0xA0, 0x9F, 0xA8, 0x8D, 0xB5, 0x57, 0xAD, 0x3C, 0xA4, 0xAA, 0x9F,
    0x9C, 0x98, 0x74, 0x9E, 0x02, 0x9E, 0x74, 0x9B, 0x43, 0x95, 0xBD, 0x9A, 0xEB, 0xA3, 0xAD, 0xAB,
    0xE0, 0xA9, 0x10, 0xA6, 0x7F, 0xAD, 0x35, 0xB5, 0xC4, 0xBE, 0x3E, 0xB5, 0xE6, 0xAC, 0x4F, 0xB2,
    0xA5, 0xBD, 0xD8, 0xB9, 0xF5, 0xBA, 0xF2, 0xBC, 0xD4, 0xB3, 0x38, 0xB0, 0xE4, 0xB9, 0xF2, 0xC5,
    0x09, 0xC0, 0xAF, 0xC5, 0x23, 0xC6, 0xE8, 0xCA, 0x81, 0xCE, 0x0C, 0xC9, 0xD4, 0xCA, 0xF1, 0xC6,
    0x96, 0xCD, 0x65, 0xC3, 0xD4, 0xC3, 0x8A, 0xC5, 0x97, 0xC5, 0xA7, 0xCE, 0x24, 0xCC, 0x77, 0xE0,
    0x32, 0xD3, 0xB1, 0xC5, 0x36, 0xDC, 0x0A, 0xD6, 0x48, 0xDE, 0x4F, 0xE3, 0x2C, 0xDF, 0xD9, 0xDA,
    0x14, 0xD2, 0xA0, 0xD4, 0xAC, 0xD7, 0xF4, 0xDC, 0x62, 0xCE, 0x0B, 0xD8, 0x96, 0xEB, 0x74, 0xE6,
    0xE9, 0xEB, 0x6B, 0xED, 0xB3, 0xE5, 0x28, 0xF3, 0xDD, 0xF0, 0x89, 0xF0, 0x53, 0xE6, 0x0F, 0xE0,
    0x97, 0xE4, 0xB7, 0xE8, 0xA6, 0x04, 0x71, 0x0A, 0xB1, 0xE9, 0xA4, 0xE6, 0xA0, 0x05, 0x44, 0x0A,
    0x2C, 0x0D, 0x91, 0x0D, 0x43, 0x24, 0x5F, 0x18, 0xC8, 0x05, 0xF8, 0x04, 0x98, 0x0F, 0xC0, 0x09,
    0xB3, 0xFA, 0x61, 0x19, 0x69, 0x2B, 0x8E, 0x2C, 0xA8, 0x1D, 0x26, 0x2A, 0xF8, 0x28, 0xC1, 0x10,
    0x42, 0x1E, 0x81, 0x25, 0xE7, 0x23, 0xDB, 0x1E, 0xB2, 0x09, 0xE7, 0x08, 0x09, 0x1F, 0xFB, 0x2E,
    0x7E, 0x20, 0xA3, 0x0D, 0x6E, 0x0F, 0x3E, 0x1C, 0x28, 0x11, 0x5F, 0x17, 0x6F, 0x2E, 0x17, 0x10,
    0x11, 0x05, 0xDB, 0x15, 0xF5, 0x0F, 0x3D, 0x1A, 0x9C, 0x27, 0x64, 0x1B, 0x89, 0x1B, 0x5F, 0x20,
    0x0D, 0x13, 0x34, 0x16, 0x31, 0x20, 0xF2, 0x28, 0x3E, 0x34, 0x1E, 0x2B, 0xC9, 0x20, 0xEC, 0x22,
    0xCE, 0x28, 0x9D, 0x27, 0x69, 0x34, 0xB2, 0x39, 0x32, 0x40, 0x76, 0x47, 0xDB, 0x3D, 0x4A, 0x41,
    0x34, 0x46, 0xA4, 0x46, 0xB2, 0x4B, 0xAC, 0x4E, 0xCB, 0x45, 0x6B, 0x3E, 0x78, 0x43, 0x50, 0x44,
    0x79, 0x41, 0x1F, 0x42, 0x0F, 0x42, 0x06, 0x47, 0x11, 0x45, 0xB7, 0x47, 0x9B, 0x4A, 0xF2, 0x53,
    0x48, 0x5B, 0x61, 0x61, 0xC2, 0x5E, 0x93, 0x53, 0xFE, 0x5E, 0xE6, 0x60, 0xFD, 0x5C, 0xA9, 0x65,
    0xA6, 0x65, 0x66, 0x5F, 0xC3, 0x58, 0x3B, 0x53, 0x54, 0x59, 0x31, 0x59, 0x81, 0x53, 0xB9, 0x54,
    0xB2, 0x5A, 0x79, 0x52, 0x39, 0x4D, 0xC3, 0x51, 0x2C, 0x58, 0xB9, 0x56, 0xE7, 0x58, 0xA6, 0x5B,
    0xF7, 0x5A, 0x39, 0x5F, 0x47, 0x5D, 0x6E, 0x5D, 0xA5, 0x60, 0xC2, 0x62, 0xC0, 0x5E, 0xD2, 0x63,
    0x30, 0x65, 0x97, 0x65, 0x61, 0x65, 0xBD, 0x67, 0x62, 0x63, 0xDF, 0x5D, 0xE5, 0x5F, 0x1A, 0x61,
    0xF8, 0x5F, 0xA1, 0x61, 0x0B, 0x67, 0x54, 0x5B, 0x8F, 0x5A, 0xFD, 0x5D, 0x9E, 0x63, 0xBD, 0x68,
    0x77, 0x5E, 0x59, 0x55, 0xB0, 0x57, 0xC2, 0x56, 0xA6, 0x56, 0xB9, 0x5E, 0x1E, 0x56, 0xD3, 0x55,
    0xE6, 0x5B, 0x09, 0x57, 0x9C, 0x5A, 0x6C, 0x60, 0x49, 0x61, 0x0B, 0x62, 0x91, 0x65, 0x41, 0x67,
    0x90, 0x66, 0xEA, 0x6B, 0x76, 0x6E, 0x80, 0x6E, 0x34, 0x70, 0xB7, 0x71, 0xDA, 0x73, 0x3F, 0x71,
    0x28, 0x73, 0x5C, 0x6F, 0x4E, 0x69, 0x0F, 0x67, 0x1F, 0x67, 0x80, 0x69, 0x0D, 0x67, 0x90, 0x65,
    0x52, 0x67, 0xF8, 0x66, 0x6D, 0x64, 0x40, 0x63, 0x4C, 0x64, 0xBA, 0x6B, 0x97, 0x67, 0xB2, 0x63,
    0xAE, 0x66, 0x63, 0x63, 0x2A, 0x64, 0x53, 0x62, 0xD6, 0x62, 0x4A, 0x63, 0x7C, 0x5F, 0x37, 0x5E,
    0xC4, 0x5E, 0x0D, 0x63, 0x42, 0x64, 0xCE, 0x64, 0xEE, 0x63, 0xD7, 0x64, 0xCE, 0x64, 0xD9, 0x69,
    0x19, 0x6D, 0xA6, 0x6F, 0xA5, 0x71, 0x95, 0x6C, 0x7D, 0x6C, 0xBB, 0x66, 0x4E, 0x65, 0x40, 0x65,
    0x82, 0x66, 0x54, 0x62, 0x9D, 0x60, 0xBC, 0x62, 0xC4, 0x61, 0x0E, 0x65, 0xA5, 0x61, 0xA8, 0x60,
    0x2D, 0x66, 0xED, 0x68, 0xEB, 0x68, 0xEC, 0x6D, 0x3B, 0x6D, 0x9A, 0x66, 0x13, 0x69, 0x73, 0x6E,
    0x05, 0x6B, 0x1F, 0x6D, 0xA4, 0x6E, 0x65, 0x6C, 0x91, 0x6E, 0x56, 0x6A, 0x82, 0x69, 0x6F, 0x68,
    0x74, 0x6A, 0x63, 0x6C, 0xE5, 0x6A, 0x4C, 0x65, 0xB8, 0x63, 0x18, 0x67, 0x91, 0x67, 0x68, 0x6A,
    0xD3, 0x67, 0x57, 0x69, 0xCC, 0x6A, 0xC8, 0x6B, 0x9C, 0x6D, 0x56, 0x6D, 0x7C, 0x6A, 0xBA, 0x6B,
    0x08, 0x6E, 0x24, 0x6C, 0xBD, 0x6D, 0xA3, 0x70, 0xE1, 0x70, 0x48, 0x6F, 0xE2, 0x6B, 0x2F, 0x67,
    0x17, 0x6A, 0xF0, 0x6F, 0x88, 0x6B, 0x3E, 0x64, 0x61, 0x62, 0x4A, 0x69, 0xDF, 0x6C, 0xD0, 0x66,
    0x2B, 0x66, 0x7B, 0x67, 0x64, 0x6D, 0x97, 0x68, 0x29, 0x5B, 0x77, 0x5E, 0x9B, 0x68, 0xC9, 0x68,
    0xA1, 0x68, 0x3C, 0x68, 0xFB, 0x63, 0xE3, 0x64, 0xC8, 0x67, 0xBE, 0x66, 0x58, 0x69, 0x9F, 0x6B,
    0x55, 0x67, 0xD2, 0x6B, 0xE7, 0x6F, 0xDC, 0x6A, 0xD7, 0x68, 0x5E, 0x6C, 0x06, 0x69, 0xFD, 0x66,
    0x45, 0x66, 0x8A, 0x62, 0x47, 0x61, 0x2E, 0x61, 0x07, 0x5E, 0x14, 0x5E, 0x81, 0x65, 0x0D, 0x66,
    0xFA, 0x65, 0x39, 0x66, 0xFF, 0x67, 0x9E, 0x6C, 0x21, 0x6B, 0x0B, 0x67, 0x5E, 0x61, 0xFA, 0x5C,
    0x53, 0x5B, 0xF1, 0x59, 0xE8, 0x5D, 0xD7, 0x62, 0x75, 0x63, 0xAC, 0x65, 0x53, 0x65, 0x02, 0x63,
    0xB1, 0x66, 0x35, 0x6D, 0x88, 0x6D, 0xE1, 0x6C, 0x5A, 0x68, 0x69, 0x63, 0x1E, 0x69, 0xD0, 0x6A,
    0xFB, 0x69, 0x72, 0x68, 0x8D, 0x68, 0xFA, 0x6B, 0x3E, 0x6D, 0x0F, 0x6B, 0x2E, 0x68, 0x83, 0x6C,
    0xA6, 0x6D, 0x76, 0x5D, 0xF7, 0x54, 0x76, 0x59, 0x91, 0x58, 0x51, 0x57, 0xC0, 0x58, 0x32, 0x58,
    0xFA, 0x53, 0x30, 0x54, 0x8E, 0x49, 0x5B, 0x45, 0xD2, 0x53, 0x1D, 0x5B, 0x86, 0x5B, 0xD3, 0x58,
    0xC1, 0x4D, 0xF8, 0x48, 0xE6, 0x45, 0x08, 0x51, 0xCD, 0x5C, 0xD4, 0x55, 0x37, 0x5C, 0x9C, 0x5B,
    0x99, 0x57, 0x8D, 0x4E, 0x60, 0x41, 0xEB, 0x38, 0x53, 0x3B, 0x88, 0x37, 0x3D, 0x34, 0x16, 0x3D,
    0x9A, 0x3D, 0xA1, 0x40, 0x6A, 0x40, 0x9D, 0x46, 0x77, 0x45, 0xC2, 0x45, 0xEC, 0x45, 0xD2, 0x41,
    0x24, 0x3D, 0x9C, 0x42, 0x99, 0x44, 0xF8, 0x39, 0xE7, 0x35, 0x58, 0x29, 0x9B, 0x25, 0x8A, 0x26,
    0x9D, 0x2D, 0xEF, 0x2D, 0x39, 0x2D, 0xC6, 0x2C, 0x65, 0x29, 0x39, 0x2F, 0x89, 0x33, 0x83, 0x2E,
    0x6F, 0x32, 0x52, 0x3E, 0xC4, 0x3D, 0xB2, 0x40, 0xF3, 0x43, 0x5F, 0x46, 0xE9, 0x45, 0xB6, 0x3E,
    0xD3, 0x31, 0x70, 0x36, 0x90, 0x39, 0x84, 0x2D, 0x95, 0x2E, 0x03, 0x2E, 0x02, 0x28, 0x01, 0x28,
    0xC9, 0x21, 0xEB, 0x16, 0x2D, 0x16, 0x84, 0x1B, 0x1E, 0x25, 0xFB, 0x2C, 0x69, 0x20, 0x82, 0x20,
    0xFB, 0x2C, 0x4E, 0x2B, 0x7F, 0x1F, 0x40, 0x1A, 0x66, 0x24, 0x79, 0x23, 0xEC, 0x23, 0xAC, 0x28,
    0xDC, 0x21, 0xD9, 0x1C, 0xCD, 0x28, 0x85, 0x20, 0x16, 0x1B, 0x12, 0x22, 0x83, 0x20, 0x89, 0x20,
    0x0D, 0x21, 0xB2, 0x18, 0x16, 0x0C, 0x04, 0x0C, 0x90, 0x05, 0x1D, 0x06, 0x08, 0x0E, 0x13, 0x12,
    0x41, 0x09, 0xB1, 0x01, 0xA6, 0x09, 0x4C, 0x0C, 0xA0, 0xFF, 0xED, 0x03, 0x8A, 0x0C, 0xC9, 0x05,
    0x28, 0x04, 0x92, 0x0A, 0x27, 0x06, 0xE4, 0xFB, 0x83, 0xFF, 0x40, 0x01, 0xE5, 0x08, 0x6C, 0x04,
    0x09, 0xFF, 0x06, 0x06, 0x3F, 0x00, 0x70, 0xFE, 0x40, 0x01, 0xF7, 0xFE, 0x97, 0xFE, 0x96, 0xF5,
    0x61, 0xEA, 0x6B, 0xF4, 0x15, 0xF8, 0xC2, 0xF0, 0x59, 0xF7, 0x69, 0xED, 0x4A, 0xE5, 0xBC, 0xE6,
    0xBA, 0xE4, 0x75, 0xE8, 0x01, 0xEC, 0x29, 0xED, 0x1C, 0xEC, 0x78, 0xE9, 0xD0, 0xE6, 0x39, 0xEA,
    0x80, 0xEC, 0xB6, 0xEB, 0x91, 0xEE, 0xEE, 0xF7, 0xA0, 0xF6, 0x0B, 0xF3, 0x80, 0xEC, 0xAC, 0xE9,
    0xCF, 0xEC, 0x9D, 0xF3, 0xE8, 0xF3, 0xA6, 0xF4, 0xFD, 0xF0, 0xD2, 0xEA, 0xC5, 0xF6, 0xE4, 0xEE,
    0xCD, 0xE8, 0x83, 0xE3, 0xF7, 0xDC, 0x8F, 0xE1, 0xB5, 0xE5, 0x39, 0xE0, 0xB5, 0xDF, 0x1D, 0xE7,
    0x02, 0xE6, 0x86, 0xE1, 0x47, 0xDF, 0xC2, 0xE2, 0x1C, 0xE4, 0x07, 0xE4, 0x12, 0xE7, 0xBA, 0xEC,
    0xA6, 0xF0, 0x89, 0xEE, 0x76, 0xE4, 0x94, 0xE7, 0x01, 0xE1, 0xCB, 0xDA, 0x5B, 0xE7, 0xAC, 0xE3,
    0xBE, 0xE4, 0x22, 0xE9, 0x69, 0xE3, 0x31, 0xDE, 0x44, 0xD0, 0x21, 0xCD, 0x4D, 0xCD, 0xD5, 0xC7,
    0x79, 0xCB, 0xB9, 0xCB, 0xAE, 0xD0, 0xA2, 0xD4, 0x5F, 0xD2, 0xAB, 0xCD, 0xDE, 0xD3, 0x55, 0xD4,
    0xA1, 0xCF, 0x7B, 0xD9, 0x6B, 0xD3, 0x22, 0xCD, 0x81, 0xD4, 0xD4, 0xD1, 0xA3, 0xCD, 0xBF, 0xD5,
    0x0C, 0xDE, 0x3D, 0xDB, 0x02, 0xD6, 0xF9, 0xD7, 0x06, 0xDD, 0x5C, 0xE6, 0xF6, 0xE7, 0x5C, 0xE5,
    0xBA, 0xE4, 0x69, 0xE1, 0x4E, 0xE6, 0x0C, 0xE9, 0x5A, 0xE5, 0x84, 0xE9, 0xA3, 0xE6, 0x74, 0xE0,
    0xFC, 0xEA, 0xD3, 0xE8, 0xB3, 0xE3, 0x02, 0xF0, 0x2D, 0xF4, 0x75, 0xF3, 0xFA, 0xF0, 0x41, 0xF0,
    0x08, 0xED, 0xE4, 0xE8, 0xCF, 0xE0, 0xD5, 0xD8, 0x65, 0xD3, 0x56, 0xCA, 0x3C, 0xC7, 0x0C, 0xC2,
    0x93, 0xCC, 0x40, 0xD3, 0xFC, 0xCF, 0x34, 0xCC, 0xF2, 0xD4, 0x0C, 0xDD, 0x8A, 0xDE, 0x75, 0xE7,
    0x75, 0xE8, 0xE7, 0xE5, 0x8E, 0xEA, 0x0B, 0xE3, 0x43, 0xE4, 0x97, 0xF0, 0x5D, 0xE5, 0xD6, 0xE8,
    0x94, 0xEB, 0x27, 0xF1, 0x8E, 0xED, 0x73, 0xE4, 0xBB, 0xE5, 0x80, 0xEA, 0x66, 0xE8, 0xA7, 0xE1,
    0x16, 0xE6, 0xA9, 0xDC, 0xF2, 0xD3, 0x3A, 0xD8, 0x82, 0xDF, 0x47, 0xDE, 0xB3, 0xDB, 0x0D, 0xD5,
    0x98, 0xD1, 0xD4, 0xD0, 0x59, 0xC9, 0x7B, 0xCA, 0x78, 0xD7, 0x6E, 0xD9, 0x9C, 0xD7, 0x9C, 0xDB,
    0xAE, 0xD4, 0xDD, 0xD7, 0xDB, 0xE1, 0x64, 0xEA, 0xFE, 0xE6, 0x98, 0xD8, 0xB2, 0xD8, 0x38, 0xE1,
    0x26, 0xDB, 0xD3, 0xCF, 0x20, 0xDD, 0x11, 0xDD, 0x1A, 0xDA, 0x7D, 0xE0, 0xA5, 0xDA, 0xA1, 0xD8,
    0xC0, 0xE3, 0x3C, 0xE6, 0x85, 0xE0, 0x0A, 0xEB, 0x01, 0xED, 0x84, 0xF3, 0x7D, 0xF0, 0xE3, 0xEE,
    0x21, 0xF2, 0xFF, 0xE9, 0xEE, 0xE4, 0xD7, 0xDC, 0x33, 0xDD, 0x5C, 0xE2, 0xF5, 0xEE, 0xFF, 0xE7,
    0xD1, 0xE0, 0xE6, 0xE0, 0xD4, 0xD4, 0x6F, 0xCB, 0x59, 0xCE, 0x21, 0xD5, 0xF4, 0xD7, 0x1B, 0xE7,
    0x06, 0xD9, 0x35, 0xC9, 0xA2, 0xCC, 0xE4, 0xCA, 0x44, 0xD5, 0xB1, 0xD8, 0x90, 0xD4, 0xF9, 0xD8,
    0x84, 0xDD, 0x72, 0xDB, 0x27, 0xD5, 0xA7, 0xCF, 0xE8, 0xD4, 0x70, 0xD9, 0x4B, 0xD2, 0xF5, 0xCD,
    0x1B, 0xCF, 0xF0, 0xC8, 0xAF, 0xC7, 0x10, 0xD0, 0x5B, 0xC8, 0xC5, 0xC4, 0x30, 0xC9, 0x7A, 0xC4,
    0x7F, 0xC9, 0x86, 0xD0, 0x2B, 0xCA, 0x64, 0xC8, 0x9D, 0xCB, 0xE8, 0xCA, 0xF0, 0xC7, 0x70, 0xC5,
    0xBC, 0xC9, 0xF4, 0xCD, 0x37, 0xC9, 0xD7, 0xC8, 0x46, 0xD2, 0xDE, 0xCE, 0xCD, 0xD1, 0xE4, 0xD4,
    0x67, 0xD6, 0xF8, 0xE9, 0x38, 0xF1, 0x8C, 0xE9, 0x05, 0xE2, 0x50, 0xE2, 0x5F, 0xE8, 0x97, 0xEC,
    0x43, 0xE9, 0xDD, 0xE1, 0x43, 0xEB, 0x67, 0xE6, 0x68, 0xDD, 0x79, 0xDF, 0x8C, 0xD3, 0xC8, 0xD3,
    0x51, 0xDA, 0x30, 0xD4, 0x7F, 0xD4, 0x46, 0xDB, 0x64, 0xDD, 0x1E, 0xE4, 0x1C, 0xDD, 0x7E, 0xD3,
    0x03, 0xD2, 0x5E, 0xD6, 0x89, 0xD2, 0xF5, 0xD1, 0xBF, 0xDA, 0x63, 0xDA, 0x37, 0xD9, 0x2D, 0xD9,
    0xE1, 0xD2, 0xD7, 0xC8, 0x67, 0xC8, 0xC3, 0xCC, 0x6D, 0xD6, 0x2A, 0xD4, 0x9E, 0xDC, 0x2D, 0xE7,
    0x3F, 0xD6, 0xFE, 0xD5, 0xCD, 0xE4, 0x40, 0xE5, 0x78, 0xE1, 0x13, 0xDA, 0x57, 0xCD, 0xBF, 0xC8,
    0x9F, 0xC7, 0xA7, 0xBE, 0x96, 0xC0, 0xB9, 0xC5, 0x4F, 0xC5, 0x39, 0xC3, 0x28, 0xCA, 0xB0, 0xC7,
    0x9C, 0xC3, 0x5B, 0xC4, 0x86, 0xB9, 0x35, 0xBC, 0x78, 0xBF, 0xC5, 0xC5, 0x4A, 0xBF, 0x6F, 0xBA,
    0xDA, 0xC2, 0x6E, 0xC8, 0x2D, 0xC7, 0x38, 0xC9, 0xAB, 0xCE, 0xFB, 0xCB, 0x7C, 0xC8, 0x40, 0xCD,
    0xEF, 0xD2, 0x79, 0xD3, 0xB0, 0xD7, 0x5B, 0xD4, 0x92, 0xD6, 0xFE, 0xD0, 0xF9, 0xC9, 0xB8, 0xCC,
    0xF2, 0xC8, 0xC3, 0xC9, 0x94, 0xC9, 0x0A, 0xC3, 0x27, 0xBF, 0xB6, 0xB9, 0xA4, 0xB8, 0x06, 0xB9,
    0xFE, 0xB7, 0xDD, 0xB1, 0x36, 0xB4, 0xAD, 0xBC, 0xFC, 0xBA, 0x49, 0xBD, 0x75, 0xB8, 0x56, 0xBA,
    0xD4, 0xC4, 0x00, 0xC6, 0x54, 0xC4, 0xC1, 0xC9, 0x04, 0xCB, 0x23, 0xCD, 0xC4, 0xCA, 0x3B, 0xC3,
    0xEC, 0xC5, 0xA0, 0xC6, 0x3A, 0xC3, 0x12, 0xC2, 0xE5, 0xBE, 0x30, 0xC1, 0x68, 0xC7, 0xFC, 0xC7,
    0xBE, 0xC1, 0x67, 0xC4, 0x90, 0xC6, 0xA1, 0xBC, 0x1D, 0xBB, 0x16, 0xB5, 0x7F, 0xB7, 0x2B, 0xB4,
    0x25, 0xB2, 0x1A, 0xB0, 0x70, 0xB0, 0x86, 0xAA, 0x44, 0xB4, 0xBA, 0xB3, 0x12, 0xB4, 0x82, 0xC1,
    0xDC, 0xC7, 0x73, 0xCB, 0x54, 0xCB, 0xD7, 0xF1, 0x86, 0x1C, 0xDF, 0x04, 0x46, 0xDA, 0xF0, 0x01,
    0x82, 0xED, 0x22, 0xDB, 0x83, 0xDD, 0x49, 0xD7, 0xBC, 0xD6, 0x6F, 0xD4, 0xB0, 0xD7, 0xF0, 0xD4,
    0x99, 0xD6, 0xC4, 0xCE, 0x52, 0xB9, 0x3D, 0x92, 0x27, 0xB3, 0xFA, 0xEE, 0xD9, 0xD4, 0x18, 0x96,
    0x8F, 0x9F, 0x36, 0xAD, 0x3F, 0xB5, 0x12, 0xBA, 0x23, 0xBF, 0x87, 0xBE, 0xC0, 0xC6, 0x97, 0xC5,
    0x42, 0xC4, 0x60, 0xD2, 0x34, 0xCE, 0xA0, 0xCE, 0x51, 0xD1, 0xFC, 0xCF, 0xD2, 0xCA, 0x9A, 0xC8,
    0x7E, 0xCB, 0x78, 0xCF, 0x3B, 0xF1, 0xDA, 0xD3, 0xCC, 0xD5, 0x4E, 0xF3, 0x8F, 0xB8, 0x41, 0xB2,
    0xD0, 0xBE, 0xAF, 0xEE, 0xAF, 0x04, 0xD4, 0xE7, 0xB8, 0xAC, 0x32, 0x9A, 0x47, 0x8D, 0xE5, 0xB7,
    0x23, 0xD2, 0x54, 0xB5, 0x66, 0xA6, 0x04, 0xA0, 0x07, 0x9B, 0xC8, 0x9B, 0x4D, 0xAA, 0x2B, 0x9C,
    0xE3, 0x9D, 0xAB, 0xA8, 0xD5, 0xCA, 0x74, 0xD5, 0x67, 0xE4, 0x0F, 0xE4, 0x9B, 0xEB, 0x46, 0xC1,
    0x9B, 0xD9, 0x2A, 0xD9, 0xCB, 0xCF, 0x36, 0xD5, 0xAE, 0xCE, 0xEA, 0xEE, 0xD5, 0xE0, 0x4F, 0xF2,
    0xF6, 0xD4, 0xD5, 0xB3, 0x41, 0xC7, 0xFE, 0xD4, 0xF8, 0xD7, 0x8B, 0xE4, 0x96, 0xE5, 0xD2, 0xE4,
    0x61, 0xEC, 0x8B, 0xD4, 0x5A, 0xC4, 0x20, 0xE1, 0xFE, 0xD6, 0xD8, 0xDC, 0x5F, 0xCE, 0xDE, 0xC0,
    0xA2, 0xB7, 0x75, 0x9D, 0x1A, 0x9C, 0xEB, 0x99, 0x0D, 0x9B, 0xDE, 0x99, 0x7F, 0x9F, 0x23, 0x99,
    0x1A, 0x9B, 0xA9, 0x9A, 0x8A, 0x96, 0x03, 0x8D, 0x58, 0x93, 0x41, 0x9F, 0x44, 0x9A, 0x8F, 0xA3,
    0x2F, 0x93, 0x98, 0xA5, 0xAE, 0xA0, 0x94, 0xA1, 0x9F, 0xC0, 0xFC, 0xB4, 0x30, 0xB5, 0x07, 0xAA,
    0x70, 0xBB, 0xD6, 0xC1, 0x16, 0xD2, 0x84, 0xE7, 0x75, 0xE0, 0xBB, 0xDC, 0x75, 0xEA, 0xE8, 0xF1,
    0xFC, 0xF1, 0x13, 0xF5, 0x69, 0xF2, 0x7B, 0xF2, 0x7D, 0xF0, 0xA7, 0xEF, 0x99, 0xEB, 0x0B, 0xE7,
    0xF0, 0xD8, 0x02, 0xC0, 0xB7, 0xC6, 0x9D, 0xCB, 0x99, 0xB9, 0xAE, 0xBB, 0x8F, 0xDF, 0x8D, 0xED,
    0xF8, 0x06, 0x5C, 0x1B, 0xD3, 0x04, 0x20, 0x10, 0x27, 0x1E, 0x8E, 0x22, 0x3A, 0x1F, 0x1A, 0x2A,
    0xEF, 0x11, 0xC2, 0x1E, 0xE4, 0x1A, 0xCF, 0x04, 0x56, 0x12, 0x71, 0xF9, 0xD4, 0xE8, 0xD8, 0xFE,
    0xC5, 0x12, 0x76, 0x01, 0x80, 0xEF, 0xB9, 0xF0, 0x65, 0x01, 0xD0, 0x00, 0x9E, 0x04, 0xD5, 0x0E,
    0x03, 0x09, 0x9E, 0xF0, 0x67, 0xEE, 0x2A, 0xFF, 0x9A, 0x14, 0x30, 0x1D, 0x70, 0x20, 0x2D, 0x24,
    0xD2, 0x23, 0xB4, 0x21, 0xAD, 0x1E, 0xC8, 0x1F, 0x63, 0x18, 0x7E, 0x15, 0xE0, 0x12, 0x9B, 0x16,
    0xD4, 0x16, 0xE5, 0x18, 0xE4, 0x19, 0xDD, 0x17, 0x59, 0x1C, 0x92, 0x21, 0x2B, 0x26, 0xB3, 0x25,
    0xD7, 0x25, 0x62, 0x24, 0x0E, 0x24, 0xBC, 0x23, 0x5F, 0x22, 0x87, 0x1E, 0xA8, 0x1F, 0x10, 0x23,
    0xCC, 0x27, 0x38, 0x2A, 0x04, 0x2D, 0x0D, 0x2D, 0xBE, 0x32, 0x30, 0x38, 0xA9, 0x3A, 0xFF, 0x3D,
    0x60, 0x47, 0x68, 0x58, 0xBD, 0x45, 0x3D, 0x59, 0x32, 0x54, 0xCA, 0x4F, 0x6D, 0x56, 0x80, 0x48,
    0xE6, 0x45, 0x6F, 0x46, 0x49, 0x46, 0x16, 0x4B, 0x99, 0x55, 0x43, 0x47, 0x91, 0x4E, 0x6C, 0x55,
    0x12, 0x59, 0x67, 0x50, 0xF0, 0x50, 0x36, 0x4D, 0x6E, 0x4E, 0xAF, 0x4C, 0x23, 0x59, 0x0B, 0x4D,
    0xE7, 0x4E, 0x60, 0x51, 0xCC, 0x53, 0xEF, 0x58, 0xB3, 0x52, 0x17, 0x54, 0x7A, 0x26, 0xCC, 0x1F,
    0x41, 0x01, 0xAB, 0xFE, 0xF6, 0x07, 0x29, 0x03, 0x5E, 0x00, 0xF7, 0x00, 0xC6, 0x03, 0x52, 0xFE,
    0x39, 0xFD, 0xEF, 0xFB, 0x4C, 0x01, 0xCB, 0x03, 0x8F, 0x08, 0xD7, 0x09, 0x2A, 0x0B, 0x45, 0x09,
    0xA1, 0x0C, 0xFF, 0x0B, 0x25, 0x0A, 0xBB, 0x06, 0x44, 0x09, 0x1A, 0x08, 0x01, 0x0D, 0x27, 0x0A,
    0xD2, 0x1D, 0x7E, 0x42, 0x28, 0x50, 0xEE, 0x55, 0x9C, 0x5C, 0x37, 0x57, 0x3D, 0x46, 0x34, 0x3E,
    0x2D, 0x3C, 0xA6, 0x42, 0xAB, 0x3B, 0x1B, 0x35, 0xFA, 0x2E, 0xF3, 0x2B, 0xE1, 0x29, 0x36, 0x25,
    0x94, 0x2A, 0x91, 0x26, 0xCB, 0x27, 0xED, 0x27, 0x56, 0x29, 0x92, 0x23, 0xB0, 0x27, 0x23, 0x26,
    0xA3, 0x2E, 0x58, 0x3A, 0x29, 0x40, 0x3B, 0x3D, 0x78, 0x39, 0xD2, 0x47, 0xFD, 0x42, 0x9B, 0x52,
    0x78, 0x3A, 0xDA, 0x29, 0xC6, 0x2E, 0x6A, 0x35, 0x23, 0x2B, 0xB4, 0x30, 0x60, 0x3A, 0x5D, 0x38,
    0xD2, 0x47, 0x63, 0x51, 0x11, 0x52, 0x86, 0x57, 0x1A, 0x5F, 0x67, 0x48, 0x45, 0x57, 0x39, 0x57,
    0xE6, 0x60, 0x60, 0x54, 0x11, 0x3C, 0x83, 0x35, 0x97, 0x2E, 0x96, 0x2E, 0x37, 0x1B, 0xBC, 0x1C,
    0xC5, 0x18, 0x5F, 0x0D, 0xCD, 0x18, 0x97, 0x1D, 0xD4, 0x2C, 0x5E, 0x29, 0xBE, 0x26, 0xFC, 0x2C,
    0xD8, 0x2C, 0xBE, 0x30, 0xC3, 0x35, 0xC4, 0x43, 0x8A, 0x34, 0x82, 0x29, 0xBA, 0x1B, 0x4D, 0x32,
    0xE8, 0x31, 0xE6, 0x3A, 0x75, 0x39, 0x59, 0x2E, 0x48, 0x30, 0xD3, 0x27, 0xF0, 0x25, 0x79, 0x19,
    0x2B, 0x20, 0xD7, 0x1B, 0x64, 0x28, 0x52, 0x1E, 0x6D, 0x22, 0x95, 0x1E, 0x8F, 0x15, 0xC4, 0x0B,
    0x3F, 0x0F, 0x33, 0x0F, 0x62, 0xF8, 0xB0, 0xF9, 0x4E, 0xF5, 0x2E, 0xFE, 0x53, 0xF5, 0x89, 0xFB,
    0x99, 0xFE, 0x2E, 0xFB, 0xFB, 0x02, 0x26, 0x09, 0x04, 0x08, 0xCF, 0x1F, 0xF1, 0x1E, 0xBA, 0xD5,
    0xF2, 0xDD, 0x48, 0x16, 0xFE, 0x35, 0xC2, 0x29, 0x99, 0xE3, 0xF9, 0xB2, 0xD9, 0xA5, 0xB4, 0xB7,
    0xF5, 0xDF, 0xDA, 0xEF, 0x21, 0xCA, 0xDA, 0x99, 0x61, 0xB2, 0x89, 0xF6, 0x9C, 0x04, 0xE0, 0xD3,
    0x8A, 0xBD, 0xBC, 0xB2, 0x55, 0x99, 0xFA, 0x8C, 0x54, 0xA5, 0x09, 0xBE, 0x3B, 0xD2, 0x03, 0xF2,
    0x23, 0xD9, 0x11, 0xB5, 0xA7, 0x9C, 0x2D, 0xBA, 0xFE, 0xD9, 0x90, 0xC4, 0xC2, 0xB5, 0x08, 0xA6,
    0xA0, 0x91, 0x62, 0xA7, 0xEC, 0xC5, 0x40, 0xCC, 0x2B, 0xD1, 0x68, 0xC9, 0x43, 0xCD, 0x96, 0xBA,
    0x34, 0xA5, 0x21, 0xA1, 0x0F, 0xA5, 0x89, 0xB1, 0x2A, 0xC3, 0x64, 0xCC, 0xC2, 0xB6, 0x61, 0xAD,
    0xEB, 0xB4, 0x4F, 0xC0, 0xB4, 0xB9, 0x29, 0xA6, 0x80, 0xA6, 0xF1, 0xAD, 0xE2, 0xAA, 0x6B, 0xA1,
    0xBA, 0xAA, 0x16, 0xAD, 0x09, 0xAD, 0x90, 0xAB, 0x6B, 0xA0, 0x5C, 0xA7, 0xF8, 0x9D, 0x31, 0x92,
    0x98, 0x9D, 0xDA, 0xAC, 0x83, 0xAB, 0xD8, 0xA7, 0x7D, 0xAF, 0xC6, 0xAD, 0x99, 0xA9, 0x6D, 0xB2,
    0xB8, 0xB8, 0x57, 0xB0, 0x39, 0xA9, 0xB3, 0x9F, 0xA6, 0xA2, 0xF6, 0xB5, 0x21, 0xB4, 0xAD, 0xB0,
    0xA9, 0xB0, 0xE5, 0xA6, 0xED, 0xA6, 0x1F, 0xAA, 0x9A, 0xA6, 0x16, 0xA0, 0xAA, 0x98, 0x9A, 0x90,
    0x60, 0x9F, 0x0C, 0xA5, 0xE8, 0x9E, 0xFD, 0xA0, 0x75, 0x9C, 0x9E, 0x9B, 0x9A, 0x9F, 0xA8, 0xAE,
    0xD4, 0xA5, 0xC0, 0xA4, 0x36, 0xA3, 0xA8, 0x9E, 0xF7, 0xAF, 0x68, 0xAC, 0x77, 0xA8, 0x6B, 0xA8,
    0x83, 0xA9, 0xF6, 0xA1, 0x43, 0xA3, 0x14, 0xA5, 0x32, 0xA1, 0x61, 0xA1, 0x91, 0x96, 0x8A, 0x94,
    0xD3, 0x92, 0xFA, 0x96, 0xE8, 0x9F, 0x10, 0xA7, 0x4D, 0xA5, 0x62, 0x9A, 0xD7, 0x9C, 0xA2, 0xA2,
    0x7F, 0xA7, 0x02, 0xA8, 0xEE, 0xA9, 0x2C, 0xA4, 0x49, 0xA0, 0x7B, 0x9B, 0x14, 0x92, 0x59, 0x93,
    0xCA, 0x95, 0x91, 0x95, 0x4A, 0x8D, 0x85, 0x98, 0x29, 0x98, 0x33, 0x94, 0x0D, 0x9B, 0x7A, 0x9E,
    0xB4, 0xA4, 0xD1, 0xA8, 0x5A, 0xA5, 0xCF, 0x9A, 0x58, 0x9A, 0x89, 0x9E, 0x4B, 0xAB, 0x63, 0xAF,
    0xF1, 0xAC, 0x6D, 0xAB, 0xB3, 0xAC, 0xC7, 0xB5, 0xF2, 0xB6, 0xA3, 0xB3, 0x8B, 0xB4, 0x7A, 0xAB,
    0xA6, 0xA5, 0x7B, 0x9B, 0xBD, 0x94, 0x70, 0xA4, 0x96, 0xB6, 0x48, 0xBD, 0xCE, 0xAC, 0x17, 0xA2,
    0x73, 0x9D, 0x0B, 0x9A, 0x4E, 0xA2, 0xAB, 0xB1, 0x57, 0xB5, 0xA5, 0xA4, 0x01, 0xB1, 0xB3, 0xCE,
    0x27, 0xDC, 0x42, 0xDD, 0xBA, 0xC4, 0xA0, 0xB3, 0x13, 0xA3, 0x5F, 0xA1, 0x83, 0xB6, 0xF1, 0xAB,
    0x48, 0xA3, 0x7F, 0xA0, 0x53, 0x99, 0x5D, 0xA0, 0xC9, 0xAF, 0xBD, 0xB7, 0xA5, 0xC2, 0xAA, 0xCB,
    0xEF, 0xBE, 0xAC, 0xB6, 0xF1, 0xB4, 0xF4, 0xA8, 0x4B, 0xA4, 0x6A, 0xA2, 0xAC, 0x9A, 0x2C, 0x9E,
    0x92, 0x9E, 0x8B, 0xA1, 0x00, 0xA4, 0x07, 0xA2, 0x2E, 0xA0, 0x03, 0xA1, 0x6A, 0xA3, 0xFB, 0xA8,
    0x18, 0xAD, 0xAE, 0xAB, 0x4F, 0xAD, 0x3A, 0xAD, 0x61, 0xAB, 0x07, 0xA8, 0xC9, 0xAB, 0x43, 0xA7,
    0x4B, 0xA6, 0xD0, 0xAA, 0xDE, 0xA7, 0x60, 0xAE, 0x1D, 0xB5, 0x0A, 0xAB, 0x17, 0xAF, 0x5D, 0xAD,
    0xB0, 0xA9, 0x5E, 0xB7, 0xB5, 0xB9, 0x80, 0xBC, 0x8D, 0xB9, 0x86, 0xB2, 0xDB, 0xAF, 0xFF, 0xA9,
    0x39, 0x9F, 0x2F, 0x97, 0x8C, 0x8F, 0x44, 0x90, 0xCA, 0x99, 0xCB, 0x9E, 0xF8, 0x98, 0x4B, 0x9A,
    0xE8, 0x92, 0xAF, 0x8B, 0x5A, 0x90, 0xD5, 0x99, 0x7D, 0xA3, 0xD7, 0x9F, 0xF2, 0x9E, 0x49, 0x9E,
    0x8A, 0xAD, 0xD1, 0xB4, 0xD6, 0xAF, 0x54, 0xB1, 0xDF, 0xB2, 0x4B, 0xAE, 0x93, 0xB5, 0xE3, 0xB2,
    0x48, 0xB1, 0xE3, 0xAF, 0x80, 0xA1, 0xF4, 0xA6, 0xFC, 0xA9, 0x5E, 0xAD, 0x24, 0xB8, 0xC2, 0xB7,
    0x8E, 0xB2, 0x07, 0xBE, 0x01, 0xCA, 0x50, 0xD9, 0x19, 0xD8, 0xD5, 0xCE, 0x32, 0xC4, 0xCD, 0xBE,
    0xC0, 0xBA, 0xAB, 0xBA, 0x95, 0xC0, 0x92, 0xC6, 0xA0, 0xC7, 0x02, 0xBD, 0xFB, 0xC0, 0x45, 0xC3,
    0x91, 0xCB, 0x2C, 0xD9, 0x9E, 0xDA, 0x30, 0xDC, 0x02, 0xDF, 0x7C, 0xDD, 0x53, 0xF1, 0xBE, 0xFB,
    0xD5, 0xFF, 0xB6, 0xEC, 0x52, 0xEE, 0x11, 0x09, 0xF6, 0xF2, 0x32, 0xEB, 0xA2, 0xF7, 0x10, 0xFF,
    0x5A, 0xFA, 0x15, 0x04, 0xA9, 0x08, 0xF7, 0xFD, 0x65, 0xFD, 0x05, 0xFE, 0xD6, 0xF6, 0x2B, 0xF4,
    0x44, 0xF7, 0x83, 0xFB, 0x5F, 0xF7, 0x2B, 0xE0, 0x2A, 0xE5, 0x5A, 0xF3, 0x75, 0xEC, 0x5E, 0xEE,
    0x44, 0x07, 0x46, 0xFA, 0x5C, 0xF3, 0x20, 0xFE, 0x10, 0xFC, 0x87, 0xFC, 0x01, 0xED, 0xC6, 0xEF,
    0x29, 0xF2, 0x78, 0xDE, 0xBA, 0xD6, 0x18, 0xFA, 0x13, 0xF7, 0x29, 0x05, 0xDF, 0x12, 0xE0, 0xF3,
    0xB0, 0x0F, 0x83, 0x20, 0xC2, 0x1B, 0x15, 0x11, 0xF8, 0x11, 0x42, 0x14, 0x0D, 0x22, 0xE0, 0x29,
    0x13, 0x17, 0x25, 0x1D, 0x62, 0x16, 0x5E, 0x10, 0x68, 0x11, 0xA0, 0x18, 0x63, 0x24, 0xD2, 0x29,
    0x41, 0x22, 0xA6, 0x21, 0x87, 0x1E, 0xA2, 0x1E, 0x95, 0x30, 0xC3, 0x20, 0xED, 0x17, 0x23, 0x2A,
    0x56, 0x2C, 0xA0, 0x25, 0x10, 0x29, 0x56, 0x20, 0xFE, 0x1B, 0x45, 0x24, 0xF6, 0x26, 0xF5, 0x29,
    0x36, 0x30, 0x63, 0x29, 0x0D, 0x28, 0xD6, 0x32, 0xF3, 0x2C, 0x2E, 0x2D, 0x4B, 0x30, 0x76, 0x2E,
    0x00, 0x39, 0xC9, 0x2C, 0xFD, 0x21, 0x71, 0x2C, 0x6A, 0x2B, 0x61, 0x2B, 0x04, 0x2F, 0xB0, 0x3E,
    0x44, 0x38, 0x43, 0x41, 0xC5, 0x49, 0xFA, 0x45, 0xC6, 0x52, 0x56, 0x44, 0x32, 0x42, 0x5B, 0x4B,
    0x5F, 0x4A, 0x90, 0x3E, 0x3B, 0x42, 0x3F, 0x48, 0x6D, 0x52, 0x1B, 0x54, 0x41, 0x41, 0xD9, 0x3E,
    0xE3, 0x38, 0x63, 0x3A, 0x3D, 0x3F, 0x27, 0x43, 0xED, 0x48, 0x26, 0x4C, 0x9F, 0x49, 0xDC, 0x49,
    0x23, 0x50, 0xED, 0x4E, 0x9B, 0x53, 0x13, 0x5E, 0xC7, 0x62, 0xBB, 0x61, 0x85, 0x62, 0xB3, 0x60,
    0x53, 0x64, 0xF7, 0x6D, 0xA5, 0x67, 0xE8, 0x69, 0xF6, 0x6D, 0x77, 0x61, 0x78, 0x63, 0x4B, 0x65,
    0x57, 0x5C, 0x6E, 0x62, 0xBC, 0x64, 0xC6, 0x59, 0xA9, 0x5C, 0xD1, 0x61, 0xA6, 0x59, 0xA8, 0x5D,
    0x77, 0x61, 0xFE, 0x64, 0x3D, 0x68, 0x53, 0x5B, 0x61, 0x5E, 0x94, 0x5D, 0x6F, 0x5D, 0x91, 0x60,
    0x8E, 0x5C, 0x26, 0x5A, 0x97, 0x5A, 0x5F, 0x5C, 0xA4, 0x59, 0x7C, 0x60, 0x55, 0x5C, 0x14, 0x55,
    0xA5, 0x58, 0xFD, 0x57, 0xA4, 0x5A, 0xA7, 0x5F, 0x91, 0x5E, 0x71, 0x5E, 0xEB, 0x5F, 0x2B, 0x5D,
    0x79, 0x5B, 0x65, 0x5E, 0xAF, 0x5A, 0x5F, 0x5F, 0x6C, 0x6D, 0x7B, 0x6A, 0x22, 0x6B, 0xB4, 0x6D,
    0x9C, 0x6B, 0xAC, 0x6B, 0xB3, 0x6A, 0x84, 0x6C, 0x70, 0x6C, 0xFD, 0x6E, 0x33, 0x70, 0xB1, 0x72,
    0xDF, 0x6E, 0xB9, 0x6B, 0xC0, 0x6D, 0x70, 0x6D, 0x40, 0x6E, 0x8F, 0x6F, 0x41, 0x6F, 0x2C, 0x71,
    0x9B, 0x70, 0x67, 0x6A, 0x20, 0x6F, 0x9E, 0x6B, 0x77, 0x66, 0x5F, 0x68, 0xC8, 0x68, 0x08, 0x61,
    0xF8, 0x5F, 0x19, 0x61, 0xD9, 0x5E, 0x5D, 0x64, 0x16, 0x60, 0x71, 0x60, 0x2F, 0x62, 0xDD, 0x5F,
    0x84, 0x65, 0xBB, 0x6D, 0x43, 0x6E, 0xA8, 0x6E, 0x79, 0x72, 0x0C, 0x71, 0xA1, 0x6F, 0x2A, 0x70,
    0x15, 0x6C, 0xCE, 0x6C, 0x8E, 0x71, 0x85, 0x71, 0x51, 0x70, 0x7C, 0x71, 0x73, 0x71, 0x67, 0x6F,
    0x72, 0x6E, 0x54, 0x6A, 0x76, 0x6B, 0x89, 0x6A, 0x86, 0x68, 0x27, 0x6A, 0xE4, 0x6A, 0x18, 0x6A,
    0xDA, 0x6C, 0x98, 0x6F, 0x59, 0x6F, 0x6B, 0x6F, 0x29, 0x6B, 0x7A, 0x6B, 0x07, 0x71, 0x5B, 0x70,
    0xB3, 0x6D, 0x87, 0x6B, 0x56, 0x65, 0x6C, 0x6B, 0x10, 0x69, 0xBD, 0x63, 0x12, 0x66, 0xE1, 0x64,
    0xF8, 0x64, 0xE7, 0x6C, 0x2F, 0x6C, 0xFD, 0x66, 0x6F, 0x6D, 0xDB, 0x67, 0xAA, 0x64, 0x02, 0x68,
    0x34, 0x67, 0xB8, 0x68, 0xE5, 0x69, 0x4F, 0x6A, 0xEC, 0x6C, 0x83, 0x6D, 0x42, 0x71, 0xA6, 0x6F,
    0xB8, 0x6E, 0x35, 0x6F, 0xB3, 0x6F, 0xAB, 0x6E, 0x4B, 0x6F, 0xE0, 0x6A, 0xAC, 0x69, 0xFB, 0x6F,
    0x3F, 0x6B, 0xD0, 0x6A, 0x98, 0x6E, 0x53, 0x6D, 0xD1, 0x68, 0x50, 0x6A, 0x06, 0x69, 0xFF, 0x69,
    0xB6, 0x6C, 0x48, 0x6C, 0x18, 0x67, 0x95, 0x66, 0x03, 0x65, 0x4A, 0x64, 0x4F, 0x63, 0x88, 0x60,
    0xEC, 0x62, 0x9A, 0x60, 0xCA, 0x60, 0x5E, 0x60, 0xD7, 0x5E, 0x6B, 0x5D, 0xCC, 0x63, 0x8B, 0x67,
    0x98, 0x63, 0xB3, 0x61, 0x43, 0x63, 0xC7, 0x65, 0x81, 0x6A, 0xF8, 0x6A, 0xC1, 0x67, 0x77, 0x68,
    0x6B, 0x67, 0x78, 0x64, 0xD2, 0x60, 0xEC, 0x63, 0x4A, 0x68, 0x42, 0x67, 0xB5, 0x65, 0xE7, 0x69,
    0xC1, 0x6C, 0x9F, 0x6B, 0xCC, 0x6A, 0xDB, 0x69, 0x41, 0x6A, 0x36, 0x6E, 0x62, 0x6C, 0x87, 0x6B,
    0xD0, 0x71, 0xBF, 0x6C, 0x51, 0x6C, 0xAD, 0x6A, 0xAA, 0x64, 0x4F, 0x63, 0x57, 0x64, 0x0C, 0x63,
    0x7D, 0x61, 0x29, 0x64, 0xBF, 0x62, 0x9D, 0x63, 0xD0, 0x5D, 0x47, 0x5C, 0x2C, 0x5F, 0x59, 0x57,
    0x1E, 0x58, 0x93, 0x5E, 0x75, 0x58, 0x2C, 0x57, 0x45, 0x5A, 0xAA, 0x5E, 0x9E, 0x65, 0xAE, 0x67,
    0xA6, 0x67, 0xD0, 0x61, 0x75, 0x60, 0xF1, 0x63, 0x2A, 0x62, 0xBD, 0x60, 0xCE, 0x5B, 0x61, 0x5A,
    0x3D, 0x5C, 0xD8, 0x58, 0xF5, 0x5C, 0xE9, 0x5C, 0xF0, 0x5B, 0xC8, 0x54, 0xCB, 0x47, 0x9D, 0x4B,
    0x57, 0x53, 0x7B, 0x4E, 0xE5, 0x50, 0xD9, 0x5A, 0x69, 0x5B, 0x4F, 0x58, 0x69, 0x56, 0xE8, 0x57,
    0x1B, 0x51, 0x49, 0x4B, 0xE5, 0x48, 0xC7, 0x44, 0x25, 0x45, 0xAC, 0x44, 0x4E, 0x45, 0xA0, 0x44,
    0x27, 0x45, 0xCB, 0x46, 0x2D, 0x3D, 0x1B, 0x3D, 0xA8, 0x44, 0xB7, 0x48, 0x47, 0x4D, 0x1F, 0x4C,
    0x0A, 0x49, 0xB0, 0x45, 0xA7, 0x4B, 0x73, 0x4B, 0xE3, 0x47, 0x85, 0x49, 0x43, 0x3A, 0x83, 0x32,
    0x73, 0x2D, 0x19, 0x24, 0x45, 0x25, 0xA6, 0x23, 0xC3, 0x25, 0x5B, 0x2C, 0x5C, 0x2C, 0xA3, 0x2C,
    0xF4, 0x35, 0x17, 0x37, 0x26, 0x32, 0x5D, 0x2D, 0x49, 0x2B, 0x29, 0x29, 0x38, 0x2B, 0xFE, 0x23,
    0x3F, 0x21, 0x3B, 0x33, 0x91, 0x27, 0xD9, 0x27, 0xF4, 0x2B, 0xF7, 0x29, 0x24, 0x30, 0x48, 0x30,
    0x61, 0x2A, 0x06, 0x1F, 0x3C, 0x1E, 0xAB, 0x22, 0x31, 0x22, 0xDE, 0x1B, 0x73, 0x1B, 0xBA, 0x08,
    0x5C, 0x10, 0x92, 0x21, 0x6D, 0x23, 0x75, 0x17, 0x0E, 0x0B, 0xA8, 0x0E, 0xF8, 0x0C, 0x4D, 0x0D,
    0xC3, 0x0E, 0x37, 0x1B, 0x66, 0x1D, 0xF0, 0x23, 0x4D, 0x20, 0xF8, 0x0E, 0x43, 0x03, 0x6B, 0x03,
    0xCF, 0x04, 0x5F, 0x04, 0xE7, 0x04, 0xAF, 0x00, 0x3A, 0xFC, 0x07, 0xF6, 0x06, 0xF5, 0x35, 0xF9,
    0xEE, 0xFE, 0x2A, 0x0B, 0x10, 0x11, 0x9F, 0x0A, 0x28, 0x0E, 0x67, 0x08, 0x25, 0x06, 0x30, 0x11,
    0x7C, 0x12, 0x63, 0x11, 0x25, 0x11, 0x70, 0x02, 0xEB, 0xF7, 0x57, 0xF9, 0x64, 0xFF, 0x71, 0x01,
    0x8A, 0xFB, 0x9A, 0xEC, 0xC3, 0xE9, 0x00, 0xED, 0x0A, 0xEB, 0x3F, 0xF6, 0x48, 0xF4, 0x6B, 0xF2,
    0xBF, 0x04, 0x95, 0x07, 0x36, 0xFF, 0x20, 0xF4, 0x53, 0xEA, 0xE8, 0x00, 0xDD, 0x01, 0xA3, 0xFA,
    0xC2, 0xF7, 0x34, 0xE9, 0xBD, 0xE2, 0x43, 0xE7, 0x0E, 0xEB, 0x96, 0xEB, 0xF9, 0xF6, 0x78, 0xF4,
    0x4F, 0xEE, 0xB8, 0xE7, 0x29, 0xE2, 0x75, 0xED, 0x78, 0xF6, 0xE8, 0xF5, 0x23, 0xF5, 0xC8, 0xF0,
    0x52, 0xF0, 0xFC, 0xEE, 0x0D, 0xE7, 0x87, 0xDE, 0xDC, 0xE5, 0xA7, 0xE0, 0x04, 0xDB, 0xC9, 0xE4,
    0x93, 0xDE, 0x2F, 0xE3, 0x8F, 0xEF, 0x0A, 0xEF, 0x2D, 0xF9, 0x0E, 0xFF, 0x24, 0xEC, 0xA7, 0xEE,
    0xA9, 0xF3, 0xD3, 0xE6, 0x6C, 0xE1, 0x23, 0xDC, 0xF2, 0xD6, 0xA0, 0xD6, 0x61, 0xD4, 0x1C, 0xCD,
    0x4F, 0xCB, 0x45, 0xD0, 0x52, 0xCF, 0x0B, 0xCD, 0xE5, 0xCF, 0x9A, 0xCE, 0xCB, 0xD1, 0x11, 0xD8,
    0x6C, 0xD1, 0x6E, 0xCE, 0x97, 0xD0, 0xC0, 0xCB, 0xF6, 0xC0, 0xA4, 0xC8, 0x0A, 0xD1, 0x7E, 0xCC,
    0x43, 0xCF, 0x2B, 0xCB, 0xB7, 0xD4, 0xFF, 0xDB, 0xFB, 0xD3, 0x54, 0xD6, 0x82, 0xDE, 0xCA, 0xDF,
    0x9F, 0xE4, 0xB6, 0xEA, 0xE0, 0xDD, 0x68, 0xD8, 0x59, 0xD4, 0x8F, 0xCE, 0x21, 0xD3, 0xA4, 0xDE,
    0x25, 0xE7, 0xDC, 0xE5, 0xD6, 0xE0, 0xF2, 0xDE, 0xEB, 0xE4, 0xCB, 0xDF, 0x19, 0xE7, 0x6D, 0xE8,
    0xEE, 0xE2, 0x3F, 0xE5, 0x2A, 0xDF, 0x56, 0xD8, 0x95, 0xCF, 0x39, 0xCE, 0x8F, 0xD4, 0x71, 0xE0,
    0x5A, 0xE7, 0x69, 0xE4, 0xB6, 0xE5, 0x19, 0xE7, 0xBE, 0xE2, 0x9D, 0xE9, 0x15, 0xE8, 0x3F, 0xF2,
    0x5D, 0xF8, 0xB0, 0xE3, 0x2E, 0xE4, 0xFE, 0xED, 0x94, 0xED, 0x9D, 0xED, 0x7D, 0xE5, 0xB4, 0xD8,
    0x43, 0xDD, 0x49, 0xE7, 0x8A, 0xE7, 0xF3, 0xE7, 0x5E, 0xEB, 0xE1, 0xED, 0x87, 0xE9, 0xC0, 0xD7,
    0x85, 0xD1, 0x5F, 0xD7, 0x79, 0xDA, 0x8F, 0xDE, 0x57, 0xED, 0x01, 0xF6, 0x0A, 0xF3, 0xDD, 0xEF,
    0x7F, 0xE9, 0x07, 0xF0, 0xD4, 0xEC, 0xB4, 0xE3, 0xFC, 0xE5, 0xCD, 0xE6, 0x34, 0xE0, 0xFF, 0xDD,
    0x90, 0xE0, 0xCA, 0xD3, 0x5E, 0xD3, 0xF4, 0xD3, 0x5B, 0xDB, 0x8A, 0xEE, 0xE2, 0xE6, 0x9C, 0xDE,
    0xC1, 0xEF, 0x9C, 0xF0, 0xD4, 0xF3, 0xDF, 0xFD, 0xBD, 0xFF, 0x36, 0x0B, 0x2E, 0x0A, 0x75, 0x03,
    0x9A, 0x06, 0x3D, 0x0B, 0xF6, 0xFD, 0x9E, 0x05, 0x7A, 0xFF, 0x68, 0xED, 0x51, 0xF1, 0x6D, 0xEF,
    0xC6, 0xE0, 0x3C, 0xE0, 0xC8, 0xE2, 0x47, 0xE1, 0x55, 0xF2, 0xFD, 0xED, 0x56, 0xF4, 0xF9, 0xFA,
    0x29, 0xF8, 0x6F, 0xF8, 0xE6, 0xEF, 0x52, 0xE7, 0x99, 0xEF, 0xD7, 0xF2, 0x90, 0xEF, 0xBA, 0xE7,
    0x7A, 0xDE, 0x5B, 0xE4, 0xBA, 0xE0, 0xD9, 0xE2, 0x71, 0xE8, 0xEC, 0xF4, 0xA6, 0xFF, 0x0F, 0x09,
    0x80, 0x06, 0x8A, 0xF4, 0x12, 0xEF, 0x81, 0xF7, 0x2A, 0xFB, 0xAF, 0x01, 0xBD, 0x0C, 0xB7, 0x0E,
    0xF7, 0x0B, 0xEA, 0x08, 0x84, 0x03, 0xFA, 0x00, 0xCA, 0x01, 0x70, 0xFA, 0x74, 0x04, 0xC4, 0xF7,
    0x6D, 0xF5, 0x1F, 0xF5, 0xD9, 0xE5, 0x26, 0xEE, 0xFC, 0xE6, 0xB2, 0xDC, 0x1C, 0xDB, 0x9D, 0xDE,
    0x5C, 0xDE, 0xDB, 0xE0, 0xF1, 0xDB, 0xD6, 0xD6, 0x87, 0xD9, 0x2F, 0xDE, 0x59, 0xDC, 0x51, 0xE4,
    0x5A, 0xEF, 0xB5, 0xE6, 0x41, 0xEF, 0x3D, 0xEF, 0xB2, 0xED, 0xA1, 0xFE, 0xA7, 0xFE, 0x25, 0xFC,
    0xAC, 0x09, 0x8D, 0x09, 0x2B, 0x03, 0x70, 0x06, 0x11, 0xFD, 0xC4, 0xFB, 0x53, 0x0A, 0x0A, 0x02,
    0x12, 0x00, 0x8B, 0x05, 0x5F, 0xFE, 0xFC, 0x0A, 0x76, 0x13, 0x4E, 0x10, 0x0F, 0x0E, 0x89, 0x09,
    0x34, 0x0A, 0x20, 0x13, 0x72, 0x0D, 0x32, 0x09, 0x75, 0x11, 0xAC, 0x0B, 0x75, 0x05, 0xC0, 0x02,
    0x18, 0xF9, 0x6B, 0xF8, 0x34, 0xF6, 0xEB, 0xF2, 0xB4, 0xFB, 0x56, 0xF4, 0xBD, 0xEF, 0x21, 0xF1,
    0x8F, 0xF4, 0x11, 0xF5, 0x5C, 0xF7, 0xC2, 0xF7, 0xE3, 0xFB, 0x90, 0x05, 0x9E, 0x04, 0xB4, 0x00,
    0xCC, 0x03, 0x95, 0x03, 0x2D, 0xFF, 0xE3, 0x09, 0xD0, 0xFB, 0x10, 0xF8, 0xA1, 0x00, 0x7F, 0xFF,
    0x41, 0x02, 0x0B, 0x04, 0x51, 0xF8, 0x26, 0xF3, 0x3A, 0xF6, 0x26, 0xEA, 0x50, 0xF3, 0xB6, 0x01,
    0x67, 0xF3, 0xB5, 0xE9, 0x5A, 0xFA, 0xF6, 0xFE, 0xA8, 0xFD, 0x0F, 0xF5, 0x10, 0xEA, 0x6A, 0xE9,
    0xFE, 0xE9, 0xC5, 0xE7, 0xF4, 0xE5, 0xF5, 0xE9, 0xED, 0xEC, 0xE8, 0xE8, 0x7A, 0xE1, 0x98, 0xE0,
    0xAF, 0xE2, 0x4D, 0xDB, 0x93, 0xDC, 0x07, 0xE5, 0xF4, 0xEA, 0xEA, 0xF7, 0xB8, 0xF3, 0x17, 0xF0,
    0xC6, 0xF1, 0x6A, 0xF2, 0xAA, 0xF2, 0x95, 0xF6, 0xA0, 0xEF, 0x83, 0xEB, 0xED, 0xEE, 0x5F, 0xE8,
    0x33, 0xE5, 0xAB, 0xDF, 0xC9, 0xD7, 0x96, 0xD3, 0x48, 0xD8, 0xA1, 0xD2, 0xB8, 0xD1, 0x36, 0xD4,
    0xCE, 0xD3, 0xDF, 0xD3, 0x28, 0xD0, 0xB1, 0xCE, 0x57, 0xD9, 0x5E, 0xE3, 0xE0, 0xE3, 0xBA, 0xE6,
    0x6B, 0xEA, 0xD2, 0xEE, 0xF1, 0xF1, 0xCD, 0xF3, 0xC6, 0xF0, 0x85, 0xFB, 0x63, 0xF5, 0x87, 0xE6,
    0x42, 0xE7, 0xF7, 0xDC, 0x2F, 0xE1, 0xE3, 0xE4, 0xAD, 0xDA, 0x62, 0xDE, 0xCD, 0xE8, 0x63, 0xE8,
    0x8A, 0xE6, 0x24, 0xEB, 0x0C, 0xEC, 0x41, 0xF4, 0x96, 0xF9, 0x51, 0xF0, 0xC9, 0xE5, 0x66, 0xE2,
    0x19, 0xDE, 0x53, 0xDB, 0x1C, 0xD5, 0xE2, 0xD0, 0x16, 0xD5, 0x30, 0xC6, 0xFA, 0xC4, 0x19, 0xC7,
    0x69, 0xBE, 0xD7, 0xBE, 0x59, 0xCC, 0x85, 0xCD, 0x2A, 0xCC, 0x37, 0xD4, 0xF6, 0xD2, 0xDC, 0xDC,
    0x38, 0xE3, 0xD8, 0xE5, 0xE6, 0xE5, 0x55, 0xEA, 0x1C, 0xE6, 0x66, 0xEB, 0xA3, 0xEB, 0x8B, 0xEA,
    0x4F, 0xF0, 0x17, 0xED, 0xDE, 0xEA, 0x66, 0xE2, 0x68, 0xE9, 0xA0, 0xF4, 0x14, 0xEE, 0x8F, 0xE9,
    0xF5, 0xEE, 0x15, 0xEA, 0xE1, 0xE6, 0x6C, 0xE5, 0x8B, 0xE5, 0x38, 0xD8, 0x32, 0xE4, 0xE1, 0xEB,
    0x70, 0xDE, 0x37, 0xE0, 0x37, 0xE0, 0x5E, 0xE6, 0x7D, 0xE1, 0x79, 0xFA, 0x95, 0xF1, 0x69, 0xD9,
    0x36, 0x1A, 0xAE, 0xF3, 0xC0, 0xF8, 0x23, 0x0E, 0xF1, 0xDC, 0xCE, 0xD7, 0xA6, 0xDC, 0x88, 0x03,
    0xB4, 0xF9, 0x7D, 0xDD, 0xB7, 0xB8, 0x67, 0xB8, 0x15, 0x8E, 0x2D, 0xAD, 0x17, 0xB0, 0x05, 0x8A,
    0xAA, 0x98, 0x4F, 0x9E, 0xF7, 0xA0, 0x16, 0x98, 0x49, 0xA3, 0xDE, 0x96, 0x0F, 0x95, 0xF8, 0x90,
    0xB1, 0xAF, 0x07, 0xB8, 0x78, 0xC7, 0x5B, 0xCB, 0x76, 0xD8, 0x0A, 0xBC, 0x2F, 0xD1, 0x5D, 0xD8,
    0xE1, 0xCE, 0x10, 0xD7, 0x9D, 0xCC, 0xB8, 0xED, 0xB7, 0xE0, 0x93, 0xFF, 0x9F, 0xD7, 0x3D, 0xAA,
    0xEC, 0xB1, 0x94, 0xBF, 0x2F, 0xD9, 0x50, 0xEF, 0xED, 0xE3, 0x3C, 0xD0, 0x65, 0xE6, 0x56, 0xDD,
    0x60, 0xD9, 0xAE, 0xEC, 0x0F, 0x0A, 0x40, 0xFE, 0x10, 0xE0, 0x78, 0xE0, 0xFB, 0xC7, 0x12, 0xAF,
    0x88, 0xA8, 0x4B, 0xA4, 0x4E, 0x9A, 0x26, 0x91, 0x23, 0x93, 0x9B, 0x92, 0xF7, 0x94, 0x87, 0x91,
    0x21, 0x90, 0xD1, 0x8F, 0x3C, 0x8E, 0x2F, 0x90, 0xD7, 0x88, 0x12, 0x96, 0x93, 0x8A, 0xA8, 0x9A,
    0x48, 0x9B, 0x2E, 0x9E, 0x88, 0xC2, 0xFA, 0xB6, 0xC8, 0xAE, 0x7B, 0xB1, 0xD7, 0xBF, 0xDC, 0xC2,
    0x29, 0xD4, 0xEE, 0xE7, 0x86, 0xE5, 0x2F, 0xE1, 0x7A, 0xED, 0x19, 0xEF, 0xCF, 0xEF, 0x24, 0xF0,
    0x26, 0xF2, 0xF5, 0xEE, 0x80, 0xEB, 0xF0, 0xF7, 0x9C, 0xF5, 0x4A, 0xEC, 0x27, 0xE6, 0x57, 0xD9,
    0x19, 0xEF, 0xA8, 0xE8, 0x0E, 0xC5, 0xB5, 0xD2, 0xC2, 0xC0, 0xCC, 0xC3, 0xDD, 0xD2, 0x63, 0xDF,
    0xD9, 0xEA, 0x26, 0xDC, 0x2F, 0xDB, 0x4D, 0xD7, 0x53, 0xEF, 0xAB, 0xFA, 0x43, 0x00, 0x8B, 0x10,
    0xDF, 0x0D, 0xAA, 0x20, 0x12, 0x24, 0xD7, 0x21, 0x28, 0x1A, 0x8C, 0x23, 0xAA, 0x29, 0x1A, 0x21,
    0x78, 0x0F, 0x60, 0x00, 0x56, 0x0B, 0x54, 0x0D, 0x2D, 0x14, 0xE3, 0x17, 0x63, 0x1F, 0x9F, 0x21,
    0xFF, 0x26, 0x1F, 0x2D, 0xFC, 0x34, 0xF2, 0x33, 0xED, 0x38, 0x22, 0x3B, 0xFC, 0x49, 0x33, 0x5B,
    0x45, 0x5D, 0xC3, 0x6E, 0x4F, 0x63, 0xB3, 0x51, 0xF4, 0x47, 0xE8, 0x49, 0x17, 0x55, 0xFA, 0x50,
    0x0F, 0x4E, 0xB5, 0x47, 0x1E, 0x46, 0xFD, 0x4C, 0x02, 0x4D, 0x14, 0x3D, 0x9F, 0x3A, 0xE4, 0x43,
    0x90, 0x3C, 0xA4, 0x42, 0x2E, 0x37, 0xAC, 0x37, 0xA9, 0x3A, 0x9A, 0x37, 0x3D, 0x33, 0xF5, 0x34,
    0xBA, 0x3A, 0xEC, 0x2B, 0xE5, 0x1E, 0x6A, 0x1E, 0x8A, 0x3A, 0x9D, 0x42, 0x4B, 0x45, 0x5C, 0x47,
    0xAE, 0x42, 0x7F, 0x3E, 0x0F, 0x3D, 0xB6, 0x3C, 0x64, 0x3B, 0x3C, 0x3C, 0xFB, 0x35, 0xB7, 0x37,
    0xC8, 0x37, 0x1C, 0x3D, 0xE2, 0x3C, 0x4D, 0x3F, 0x6E, 0x43, 0x6B, 0x46, 0x0B, 0x48, 0xF5, 0x46,
    0x8A, 0x49, 0x1B, 0x48, 0x9D, 0x4C, 0x52, 0x4A, 0x18, 0x54, 0xB8, 0x53, 0x29, 0x55, 0x1E, 0x4F,
    0xE3, 0x5A, 0x22, 0x56, 0x5E, 0x4C, 0xCD, 0x4C, 0xD8, 0x26, 0x45, 0x27, 0xD7, 0x22, 0xF5, 0x1C,
    0x5B, 0x22, 0x80, 0x21, 0x69, 0x26, 0x1A, 0x26, 0x84, 0x30, 0xBE, 0x45, 0xEA, 0x39, 0xE7, 0x40,
    0x87, 0x49, 0x3A, 0x3D, 0x40, 0x40, 0x0C, 0x49, 0x16, 0x49, 0x59, 0x3E, 0xEC, 0x4C, 0xD4, 0x47,
    0x19, 0x45, 0x39, 0x45, 0xEE, 0x38, 0xE7, 0x41, 0x37, 0x3D, 0x9B, 0x31, 0xFC, 0x41, 0x5C, 0x66,
    0x65, 0x4C, 0x0A, 0x54, 0xA4, 0x68, 0x42, 0x46, 0xF9, 0x3E, 0x9E, 0x40, 0x19, 0x3C, 0x7F, 0x39,
    0x14, 0x3C, 0x61, 0x34, 0x64, 0x33, 0x4D, 0x34, 0x6D, 0x3D, 0xCC, 0x39, 0x04, 0x3F, 0xE0, 0x41,
    0x27, 0x3E, 0x6F, 0x3A, 0x89, 0x38, 0xF9, 0x37, 0xFD, 0x39, 0xAD, 0x30, 0x0B, 0x38, 0x37, 0x3D,
    0x4E, 0x48, 0x75, 0x45, 0x65, 0x45, 0x60, 0x4F, 0xE1, 0x44, 0x93, 0x4E, 0xFC, 0x2A, 0x5C, 0x23,
    0x18, 0x1E, 0x21, 0x20, 0x1A, 0x1A, 0xC0, 0x2B, 0x3A, 0x23, 0x31, 0x23, 0x85, 0x34, 0x50, 0x39,
    0xDF, 0x3B, 0x1E, 0x44, 0xCA, 0x4A, 0x9A, 0x2E, 0x1A, 0x39, 0x6D, 0x35, 0xC4, 0x40, 0xDE, 0x27,
    0x30, 0x14, 0xAA, 0x10, 0x5D, 0x12, 0x3C, 0x15, 0x0E, 0x0D, 0xC4, 0x07, 0x1F, 0x02, 0x7E, 0xFC,
    0xC9, 0x0B, 0x97, 0x0A, 0x85, 0x12, 0x4C, 0x16, 0x33, 0x13, 0x20, 0x0F, 0xE3, 0x07, 0x8F, 0x13,
    0x4B, 0x17, 0xDF, 0x15, 0xEF, 0xFA, 0x70, 0x06, 0xF9, 0xF5, 0xFE, 0x01, 0xCA, 0x09, 0x22, 0x0D,
    0xDD, 0x02, 0xA0, 0xF8, 0x16, 0xF8, 0x85, 0xF0, 0xC4, 0xF0, 0x81, 0xDE, 0xF9, 0xE2, 0x66, 0xE6,
    0x96, 0xF1, 0x3E, 0xE6, 0xB1, 0xEC, 0x3E, 0xE9, 0xB4, 0xDB, 0xA4, 0xCE, 0x3C, 0xD1, 0x4C, 0xD1,
    0xF6, 0xC4, 0x2C, 0xC2, 0xC2, 0xC0, 0x32, 0xCA, 0xB3, 0xC7, 0xBF, 0xC9, 0x2C, 0xCC, 0x8E, 0xC8,
    0xDA, 0xCF, 0x1A, 0xCD, 0xBD, 0xCE, 0xC3, 0xD3, 0x43, 0xCD, 0x8C, 0xCE, 0x19, 0xC2, 0xC0, 0xBB,
    0x56, 0xB8, 0xE3, 0xB6, 0x1C, 0xAB, 0xDE, 0xB4, 0x58, 0xC0, 0xFB, 0xB4, 0x52, 0xB0, 0x7A, 0xAB,
    0xB5, 0xA9, 0xDD, 0xA7, 0xE3, 0xAC, 0xE5, 0xAE, 0x68, 0xAE, 0xCB, 0xA6, 0x18, 0xB0, 0x09, 0xB1,
    0x30, 0xAF, 0xA1, 0xAE, 0x66, 0xAA, 0xF4, 0xAB, 0x56, 0xAE, 0x78, 0xB3, 0x66, 0xB4, 0xC6, 0xB1,
    0x0B, 0xAB, 0x6D, 0xAC, 0x25, 0xAE, 0x74, 0xB0, 0x78, 0xAE, 0x87, 0xB2, 0xFC, 0xB2, 0xA3, 0xB6,
    0x53, 0xB1, 0x29, 0xC0, 0x0E, 0xAF, 0xCC, 0x90, 0x8A, 0xB5, 0x3D, 0xD9, 0x92, 0xE8, 0xEE, 0xCE,
    0x4F, 0xB6, 0x25, 0x9F, 0x51, 0x98, 0x1B, 0xB1, 0xB1, 0xC9, 0x1E, 0xCF, 0x3B, 0xAE, 0xA4, 0xA0,
    0xE7, 0xBD, 0xCA, 0xDB, 0xBA, 0xCC, 0x46, 0xAC, 0x95, 0xA9, 0xA8, 0xA5, 0xBF, 0x91, 0x74, 0x92,
    0xCF, 0xAF, 0xA4, 0xBD, 0xE6, 0xCE, 0x8E, 0xD5, 0xEA, 0xC0, 0x88, 0xAD, 0x85, 0xAB, 0xBA, 0xC7,
    0xD9, 0xC6, 0x5B, 0xB5, 0x95, 0xAE, 0x47, 0x9B, 0x10, 0x98, 0xFD, 0xB5, 0x41, 0xC3, 0xB9, 0xC7,
    0x60, 0xCC, 0xCB, 0xC4, 0x10, 0xC7, 0x83, 0xB9, 0x09, 0xA6, 0xDD, 0xA6, 0xCA, 0xB4, 0x2F, 0xC0,
    0x30, 0xC2, 0xDC, 0xBA, 0x7B, 0xAA, 0x5A, 0xAF, 0x3F, 0xBF, 0xE3, 0xC0, 0x9A, 0xB1, 0x55, 0xA2,
    0xDB, 0xA6, 0x48, 0xB1, 0x8A, 0xA7, 0xB3, 0xA9, 0x88, 0xB1, 0xA6, 0xAF, 0xB8, 0xB6, 0x41, 0xB3,
    0xFC, 0xB6, 0xDC, 0xB1, 0xE7, 0xAC, 0x16, 0xAE, 0x1C, 0xA4, 0x94, 0xA6, 0x23, 0xAB, 0xE0, 0xB9,
    0x21, 0xC5, 0x8B, 0xB1, 0x9B, 0xAD, 0x9D, 0xAD, 0xA1, 0xA9, 0xC2, 0xA0, 0x23, 0x91, 0x5A, 0x91,
    0x5A, 0x9C, 0x56, 0xA8, 0x5D, 0xAC, 0x57, 0xAE, 0x9A, 0xAA, 0xC1, 0xA5, 0x33, 0xAC, 0x49, 0xB8,
    0x6E, 0xBB, 0x47, 0xAD, 0xED, 0xA4, 0x44, 0x9B, 0xC7, 0x98, 0xAB, 0x9F, 0x82, 0x9F, 0x76, 0x9C,
    0x90, 0x93, 0x98, 0xA1, 0x55, 0x9B, 0x64, 0xA9, 0x8E, 0xA3, 0x31, 0x9F, 0x99, 0xAB, 0xBC, 0xA3,
    0x98, 0xB3, 0x8E, 0xA6, 0xC3, 0xAB, 0x71, 0xAE, 0x11, 0xB3, 0x15, 0xA7, 0x6F, 0xA3, 0xA2, 0xB7,
    0xC2, 0xAA, 0xD9, 0xB5, 0x09, 0xB6, 0x25, 0xA9, 0x51, 0xB3, 0x29, 0xB5, 0xA4, 0xB0, 0x9D, 0xB3,
    0xB2, 0xA9, 0x4B, 0xA0, 0x81, 0xA7, 0xBA, 0xAE, 0x87, 0xAC, 0x14, 0x9F, 0x17, 0xA0, 0x48, 0x9C,
    0xAA, 0x9F, 0xB0, 0x9D, 0x16, 0x97, 0x29, 0xA5, 0x68, 0xAC, 0x2D, 0xB7, 0xFE, 0xB1, 0xAF, 0xB5,
    0x43, 0xB3, 0x48, 0xAC, 0x71, 0xA9, 0xA7, 0xA9, 0x97, 0xB0, 0x48, 0xB4, 0x29, 0xB3, 0x84, 0xAA,
    0xE0, 0xB9, 0x0D, 0xC3, 0x0B, 0xC0, 0xBD, 0xBE, 0x5C, 0xB4, 0xBF, 0xA4, 0x67, 0xA3, 0x89, 0xA2,
    0xC9, 0xA8, 0x20, 0xA3, 0xAE, 0x8F, 0xE1, 0x8C, 0x18, 0x9F, 0xCC, 0xAA, 0x0D, 0xA7, 0xB8, 0xA6,
    0xAB, 0xA7, 0xB1, 0xA9, 0x7B, 0xAF, 0x6C, 0xC0, 0x6F, 0xC2, 0x8A, 0xB3, 0x43, 0xAB, 0x16, 0xD9,
    0x28, 0xE4, 0x9A, 0xEB, 0x1C, 0xEB, 0x90, 0xC6, 0x19, 0xBF, 0x3E, 0xB6, 0x48, 0xBD, 0x40, 0xC0,
    0x6C, 0xB9, 0x50, 0xB6, 0x6A, 0xA7, 0xDF, 0x94, 0x6E, 0xB1, 0xC1, 0xCF, 0x86, 0xEA, 0x9C, 0xE4,
    0xFD, 0xE1, 0x63, 0x06, 0xE5, 0x0C, 0x0E, 0xF1, 0x85, 0xE2, 0xBC, 0xD5, 0xEA, 0xC5, 0x36, 0xC2,
    0x18, 0xBC, 0xBE, 0xBC, 0xE2, 0xAB, 0x66, 0xB3, 0xA0, 0xAF, 0x0D, 0xAE, 0x47, 0xAD, 0x22, 0xAB,
    0xE2, 0xB8, 0xA5, 0xBE, 0x04, 0xB9, 0xFC, 0xB2, 0x22, 0xB7, 0xBE, 0xB0, 0xF0, 0xC5, 0x95, 0xD7,
    0x75, 0xCC, 0x32, 0xC9, 0x1F, 0xCA, 0x3B, 0xC9, 0x4C, 0xD3, 0x6B, 0xCF, 0xA4, 0xBF, 0x02, 0xC5,
    0xB6, 0xBC, 0x63, 0xB5, 0x21, 0xBA, 0x6F, 0xBE, 0x57, 0xD1, 0x2C, 0xCA, 0xF0, 0xBB, 0xD3, 0xBC,
    0x15, 0xC7, 0x7D, 0xCD, 0xA1, 0xB7, 0xD6, 0xA7, 0x60, 0xAF, 0xB9, 0xB6, 0x11, 0xC5, 0x0F, 0xD4,
    0xFC, 0xC4, 0xE2, 0xB5, 0x0E, 0xBF, 0x0E, 0xC5, 0xF4, 0xC0, 0x8C, 0xA9, 0xCA, 0x9D, 0x49, 0xB4,
    0x33, 0xD1, 0x7D, 0xE0, 0xA5, 0xD4, 0xD1, 0xCD, 0x48, 0xD4, 0xE0, 0xD0, 0x69, 0xE8, 0xC2, 0xF6,
    0xF4, 0xE8, 0x30, 0xEC, 0x18, 0xEC, 0x7B, 0xFC, 0x54, 0x05, 0x84, 0x09, 0x10, 0xF7, 0xA1, 0xF2,
    0x06, 0xFD, 0x91, 0x02, 0xFF, 0x14, 0xDF, 0x1D, 0xFA, 0x24, 0x0A, 0x0B, 0x2B, 0x02, 0xC1, 0x19,
    0x7D, 0x19, 0x4F, 0x05, 0xD7, 0x0E, 0xD2, 0x11, 0x09, 0x1A, 0xF1, 0x18, 0xC3, 0x1A, 0xEA, 0x1F,
    0xEF, 0x15, 0xF4, 0x24, 0x73, 0x2B, 0xCB, 0x1F, 0x06, 0x17, 0xBD, 0x16, 0x59, 0x21, 0x93, 0x1C,
    0x90, 0x0F, 0x0D, 0x1C, 0xCF, 0x1B, 0x72, 0x29, 0xC6, 0x26, 0xB0, 0x1B, 0x03, 0x30, 0xAD, 0x30,
    0x1F, 0x30, 0x3B, 0x42, 0xB4, 0x3E, 0xC7, 0x39, 0x78, 0x30, 0xEE, 0x34, 0x69, 0x38, 0x72, 0x44,
    0xE5, 0x49, 0x0D, 0x3D, 0x3A, 0x41, 0x11, 0x2E, 0xB6, 0x31, 0x0B, 0x3E, 0x68, 0x3A, 0x0C, 0x32,
    0x95, 0x3E, 0x34, 0x37, 0x57, 0x38, 0xEB, 0x39, 0x9F, 0x3E, 0x5A, 0x56, 0xCD, 0x42, 0x73, 0x2F,
    0x62, 0x36, 0x10, 0x3F, 0x9D, 0x43, 0x36, 0x4C, 0x0A, 0x48, 0xBF, 0x47, 0xE1, 0x55, 0x1C, 0x57,
    0xD0, 0x53, 0x99, 0x4D, 0xD2, 0x46, 0xC3, 0x55, 0x62, 0x53, 0xA2, 0x59, 0xB8, 0x50, 0xA3, 0x48,
    0x14, 0x53, 0x0B, 0x5A, 0x1C, 0x47, 0xF7, 0x33, 0x80, 0x48, 0x40, 0x57, 0x9A, 0x53, 0xC2, 0x4F,
    0x3A, 0x5A, 0xA9, 0x53, 0x78, 0x56, 0x25, 0x4F, 0xB2, 0x4B, 0x59, 0x53, 0x23, 0x46, 0x26, 0x39,
    0x0C, 0x44, 0x0D, 0x4E, 0x7C, 0x57, 0x88, 0x59, 0xD4, 0x47, 0xF8, 0x42, 0x86, 0x3B, 0x6A, 0x3A,
    0x28, 0x41, 0x33, 0x3A, 0x71, 0x41, 0xE5, 0x4F, 0x3D, 0x43, 0x18, 0x3E, 0xFD, 0x37, 0xCE, 0x39,
    0x3C, 0x4B, 0x3D, 0x52, 0x0F, 0x55, 0x3B, 0x5B, 0x6E, 0x5D, 0xA8, 0x5E, 0xF7, 0x5F, 0x89, 0x63,
    0x4E, 0x69, 0xCC, 0x68, 0x5B, 0x6F, 0x99, 0x62, 0x67, 0x5D, 0x78, 0x61, 0x1C, 0x57, 0x3A, 0x64,
    0xD3, 0x64, 0xA6, 0x57, 0x8A, 0x58, 0xAA, 0x5C, 0x34, 0x5A, 0x12, 0x56, 0x09, 0x59, 0x86, 0x63,
    0xEE, 0x61, 0xE7, 0x5D, 0xBB, 0x66, 0x7E, 0x62, 0x09, 0x63, 0xCF, 0x5D, 0x82, 0x60, 0x87, 0x61,
    0xD8, 0x61, 0x42, 0x5E, 0xA6, 0x58, 0x14, 0x64, 0x1C, 0x5C, 0xE7, 0x52, 0xB6, 0x59, 0x5C, 0x5B,
    0xD8, 0x5B, 0x16, 0x5F, 0xE8, 0x4E, 0x94, 0x50, 0x6A, 0x52, 0x6E, 0x49, 0x96, 0x49, 0x9B, 0x4D,
    0x01, 0x49, 0x36, 0x54, 0x73, 0x64, 0x15, 0x5C, 0x31, 0x58, 0xC6, 0x56, 0xD4, 0x5B, 0x63, 0x5F,
    0xC5, 0x5F, 0xAA, 0x65, 0x89, 0x67, 0x45, 0x63, 0x96, 0x6B, 0x54, 0x69, 0x51, 0x61, 0x57, 0x62,
    0x47, 0x62, 0xE6, 0x64, 0x3A, 0x69, 0x8D, 0x69, 0x8F, 0x65, 0x26, 0x65, 0xDE, 0x5F, 0x8F, 0x62,
    0x99, 0x62, 0xFB, 0x5A, 0x8F, 0x61, 0xB7, 0x5E, 0x86, 0x5E, 0xCE, 0x57, 0xD4, 0x52, 0x6E, 0x57,
    0xE0, 0x52, 0xCC, 0x53, 0x43, 0x4E, 0xE9, 0x51, 0xA6, 0x55, 0xD0, 0x54, 0x5F, 0x57, 0x2D, 0x5F,
    0x94, 0x64, 0xD9, 0x65, 0x8F, 0x69, 0x52, 0x67, 0x02, 0x6A, 0x5F, 0x6E, 0xDD, 0x6D, 0x40, 0x71,
    0xAD, 0x73, 0x15, 0x74, 0xEE, 0x72, 0xFA, 0x71, 0xA6, 0x72, 0xB1, 0x72, 0xC8, 0x68, 0xBB, 0x66,
    0x89, 0x69, 0x55, 0x60, 0x16, 0x69, 0x04, 0x64, 0x01, 0x60, 0x60, 0x63, 0xD1, 0x62, 0x48, 0x6A,
    0x0F, 0x6A, 0x03, 0x69, 0x58, 0x68, 0xB7, 0x6C, 0xF1, 0x6E, 0xCA, 0x6A, 0x92, 0x67, 0x5A, 0x64,
    0x80, 0x61, 0xE5, 0x5E, 0x88, 0x60, 0x1A, 0x5C, 0xDC, 0x5D, 0xFB, 0x5D, 0x80, 0x57, 0x51, 0x5B,
    0x7F, 0x5A, 0x08, 0x5C, 0x4E, 0x5F, 0xD6, 0x5A, 0x0E, 0x55, 0x0E, 0x61, 0x50, 0x63, 0xF8, 0x61,
    0xDB, 0x5F, 0x08, 0x64, 0x13, 0x6D, 0x9A, 0x6C, 0xCE, 0x71, 0x6B, 0x6B, 0x18, 0x6F, 0x91, 0x6F,
    0x9C, 0x67, 0xAE, 0x68, 0x75, 0x68, 0x07, 0x5F, 0xD9, 0x60, 0x08, 0x69, 0xBD, 0x66, 0x5B, 0x67,
    0xD0, 0x66, 0x5B, 0x61, 0xE7, 0x65, 0x1B, 0x6A, 0x03, 0x67, 0x88, 0x69, 0x90, 0x6B, 0xD8, 0x69,
    0x3F, 0x63, 0x80, 0x5E, 0x38, 0x61, 0x86, 0x67, 0x90, 0x67, 0x3B, 0x6A, 0xF4, 0x68, 0x5F, 0x61,
    0x56, 0x60, 0x5F, 0x68, 0x2D, 0x64, 0xC8, 0x61, 0x8E, 0x68, 0xAB, 0x67, 0xD8, 0x66, 0xE2, 0x63,
    0x58, 0x66, 0x62, 0x6E, 0xBF, 0x6F, 0x0F, 0x6B, 0x90, 0x6A, 0xF3, 0x62, 0x69, 0x63, 0x45, 0x65,
    0x27, 0x63, 0xA4, 0x5F, 0x92, 0x65, 0x5A, 0x65, 0x51, 0x60, 0x56, 0x6B, 0x31, 0x6A, 0xE3, 0x68,
    0xE5, 0x6B, 0x66, 0x6B, 0x8A, 0x62, 0x28, 0x62, 0x6E, 0x61, 0x6D, 0x63, 0xEC, 0x68, 0xC8, 0x64,
    0xA9, 0x5F, 0xF6, 0x58, 0x7D, 0x5B, 0xF8, 0x5C, 0x13, 0x5A, 0x7F, 0x56, 0xCC, 0x54, 0x52, 0x57,
    0xDC, 0x55, 0x35, 0x51, 0x05, 0x4F, 0x00, 0x55, 0xC3, 0x53, 0x00, 0x47, 0x7B, 0x48, 0xA3, 0x47,
    0xF8, 0x42, 0x46, 0x49, 0xE5, 0x4D, 0x9C, 0x54, 0x19, 0x5A, 0xE8, 0x59, 0x55, 0x57, 0x0F, 0x55,
    0x2A, 0x55, 0x08, 0x57, 0x2F, 0x58, 0xAF, 0x56, 0xA5, 0x4E, 0x14, 0x4E, 0x7D, 0x50, 0xC4, 0x4E,
    0x04, 0x51, 0xCA, 0x4B, 0x1D, 0x49, 0xFB, 0x43, 0xE5, 0x3B, 0x29, 0x3F, 0x52, 0x42, 0xAF, 0x41,
    0x01, 0x48, 0x00, 0x4C, 0x71, 0x46, 0x2B, 0x49, 0xC5, 0x4B, 0x13, 0x45, 0x2F, 0x41, 0xB3, 0x3A,
    0x34, 0x34, 0x0E, 0x34, 0x85, 0x31, 0xDE, 0x2D, 0xF8, 0x34, 0x19, 0x33, 0x11, 0x2D, 0x96, 0x31,
    0xCB, 0x27, 0x7A, 0x26, 0xD9, 0x30, 0xC1, 0x33, 0x3D, 0x3A, 0xCC, 0x36, 0x5A, 0x2C, 0x94, 0x2B,
    0x6F, 0x36, 0x19, 0x39, 0x55, 0x34, 0x61, 0x30, 0x56, 0x1F, 0x2A, 0x1C, 0x85, 0x17, 0xC4, 0x0E,
    0xC8, 0x0E, 0x2D, 0x0A, 0x9C, 0x0B, 0x27, 0x18, 0xAD, 0x21, 0x5C, 0x1C, 0xF8, 0x20, 0x10, 0x26,
    0xC1, 0x1B, 0xBC, 0x0E, 0xD0, 0x11, 0x2F, 0x0E, 0xE8, 0x0E, 0x59, 0x0B, 0xB9, 0x04, 0x6A, 0x1D,
    0xE0, 0x16, 0xEB, 0x10, 0x45, 0x12, 0x0E, 0x0D, 0x46, 0x11, 0x30, 0x10, 0xF0, 0x04, 0x0F, 0xF4,
    0xAF, 0xF8, 0xD9, 0x03, 0xD1, 0xFD, 0x16, 0xF4, 0x94, 0xF1, 0x2C, 0xF3, 0xFE, 0xFA, 0x49, 0xFB,
    0x28, 0xFD, 0x12, 0xFD, 0xED, 0xFB, 0xD7, 0xF3, 0x62, 0xF2, 0xC0, 0xF0, 0xF0, 0xE6, 0xB9, 0xED,
    0x4C, 0xFE, 0xA1, 0x05, 0x5F, 0x01, 0x78, 0xF1, 0xF4, 0xD9, 0x01, 0xDB, 0x55, 0xDB, 0x87, 0xDB,
    0xC2, 0xE0, 0x7D, 0xD9, 0x23, 0xCD, 0x69, 0xD6, 0x51, 0xD8, 0x76, 0xD5, 0x49, 0xDE, 0x5B, 0xDF,
    0xDA, 0xE8, 0xA4, 0xE5, 0xCC, 0xE0, 0x20, 0xDA, 0x74, 0xD4, 0xE7, 0xDF, 0x9A, 0xE8, 0x89, 0xEC,
    0xDE, 0xE4, 0x11, 0xE0, 0x21, 0xDD, 0xDB, 0xDB, 0x6B, 0xCB, 0xF1, 0xD0, 0x86, 0xE8, 0x5E, 0xD3,
    0x85, 0xCF, 0xA3, 0xC1, 0xC2, 0xC0, 0xA0, 0xD3, 0x2B, 0xD2, 0xEC, 0xCE, 0x47, 0xD7, 0x16, 0xE7,
    0xE0, 0xE8, 0xC7, 0xDF, 0x22, 0xD3, 0x17, 0xDB, 0xC9, 0xD6, 0x45, 0xD8, 0x00, 0xDA, 0xB9, 0xD5,
    0xA8, 0xD6, 0x52, 0xD0, 0x28, 0xD4, 0xB0, 0xD0, 0x2E, 0xD4, 0xE9, 0xD8, 0x01, 0xD6, 0x7B, 0xDA,
    0xC7, 0xDD, 0x1A, 0xE0, 0x8E, 0xD9, 0x14, 0xD6, 0x23, 0xD6, 0x6A, 0xD6, 0x7F, 0xDA, 0xC2, 0xD5,
    0x41, 0xD1, 0x8E, 0xCC, 0xD9, 0xCA, 0xB9, 0xC4, 0x34, 0xBA, 0xE7, 0xBF, 0x74, 0xC3, 0x53, 0xCA,
    0xAE, 0xCE, 0x63, 0xC3, 0x87, 0xCE, 0xFC, 0xCD, 0x7B, 0xC2, 0xF8, 0xD3, 0xA4, 0xD5, 0xBB, 0xC5,
    0x19, 0xC0, 0x66, 0xBC, 0x57, 0xC3, 0xAA, 0xCC, 0x37, 0xC6, 0xAB, 0xBA, 0xC6, 0xB9, 0x6A, 0xBF,
    0x26, 0xB9, 0xC6, 0xBC, 0x3B, 0xBE, 0x89, 0xB6, 0x32, 0xC0, 0x37, 0xC3, 0x7D, 0xB9, 0x17, 0xB1,
    0x29, 0xA9, 0xD4, 0xAC, 0x93, 0xAE, 0xCA, 0xAC, 0xC8, 0xB2, 0x5C, 0xB0, 0x0D, 0xBA, 0x31, 0xC0,
    0xF4, 0xBC, 0xFF, 0xC8, 0x65, 0xD4, 0xB1, 0xD2, 0x14, 0xD3, 0x19, 0xD1, 0xEA, 0xC6, 0xB3, 0xCA,
    0x22, 0xCA, 0x03, 0xC7, 0xA9, 0xCB, 0xE7, 0xC9, 0xCF, 0xC0, 0x9A, 0xC0, 0xF6, 0xC8, 0x53, 0xCC,
    0x94, 0xC7, 0xB1, 0xCB, 0xCD, 0xD1, 0xAF, 0xC9, 0x50, 0xC7, 0x97, 0xC6, 0x8A, 0xC7, 0xF8, 0xC5,
    0x11, 0xC1, 0xE6, 0xC0, 0xA8, 0xBC, 0x28, 0xB2, 0x4D, 0xB2, 0x47, 0xBE, 0xFB, 0xC6, 0xC1, 0xC5,
    0x24, 0xB6, 0xD7, 0xB6, 0x0F, 0xC4, 0x2B, 0xCE, 0x84, 0xCD, 0x77, 0xCD, 0xD9, 0xD3, 0x17, 0xC8,
    0x3F, 0xCD, 0xA6, 0xD0, 0x0A, 0xCA, 0xE6, 0xD1, 0x73, 0xCE, 0x0A, 0xC7, 0xA8, 0xD0, 0x85, 0xD8,
    0x63, 0xD6, 0x4B, 0xE1, 0x90, 0xE4, 0x67, 0xDD, 0xBF, 0xD5, 0xEC, 0xCA, 0x79, 0xC2, 0x46, 0xC5,
    0xCD, 0xCE, 0xFC, 0xCE, 0x74, 0xDD, 0x09, 0xE5, 0x78, 0xDC, 0x20, 0xDC, 0x39, 0xDE, 0xC1, 0xEA,
    0x5F, 0xEA, 0x99, 0xDB, 0x98, 0xE0, 0x39, 0xE0, 0x9E, 0xD7, 0x7F, 0xDB, 0xA8, 0xE2, 0x7E, 0xD9,
    0xF4, 0xD4, 0xDE, 0xD8, 0x77, 0xD5, 0x01, 0xE3, 0x5E, 0xDD, 0x97, 0xD6, 0x1B, 0xE2, 0x0F, 0xE4,
    0xEF, 0xE6, 0xEB, 0xED, 0xC6, 0xF3, 0xB5, 0xF8, 0x27, 0xFC, 0x6B, 0xFB, 0xAA, 0xFF, 0x81, 0x00,
    0x96, 0xFD, 0xCF, 0xFB, 0xBC, 0xF1, 0xD1, 0xE8, 0x6A, 0xE7, 0x81, 0xE7, 0x31, 0xE3, 0x6E, 0xE2,
    0x66, 0xE9, 0x91, 0xE4, 0xD7, 0xEB, 0xF4, 0xF0, 0x1A, 0xEE, 0xD5, 0xF1, 0xAB, 0xEF, 0xEA, 0xEF,
    0x1E, 0xEF, 0x92, 0xF1, 0xA2, 0xF4, 0x1D, 0xF6, 0x15, 0xF6, 0x16, 0xEF, 0x67, 0xE3, 0x70, 0xE5,
    0x9D, 0xF6, 0xEB, 0xF8, 0x52, 0xF8, 0x26, 0xFC, 0x76, 0x01, 0x6A, 0x0C, 0x22, 0x05, 0x2D, 0xF4,
    0xDA, 0xEF, 0x16, 0xFD, 0x55, 0x06, 0xD2, 0x0F, 0x09, 0x0E, 0x62, 0x0E, 0x08, 0x12, 0x72, 0x08,
    0x7F, 0x08, 0x9C, 0x0C, 0xD4, 0x11, 0x1A, 0x18, 0x9C, 0x1F, 0x60, 0x0F, 0xB0, 0x0E, 0x09, 0x12,
    0x40, 0x04, 0xEB, 0x08, 0x1D, 0x06, 0x45, 0xFA, 0x7B, 0xF8, 0x5F, 0xFF, 0xD1, 0xFE, 0x08, 0xFE,
    0xCE, 0xFA, 0x45, 0xED, 0xB2, 0xF0, 0xF0, 0xF2, 0x48, 0xEC, 0x00, 0xF2, 0x02, 0xFA, 0xC6, 0xF6,
    0x52, 0xFA, 0xEE, 0xF6, 0x5A, 0xF7, 0x35, 0x07, 0x35, 0x02, 0x53, 0x0B, 0xCD, 0x0E, 0x10, 0x08,
    0x4D, 0xFE, 0xEA, 0xFF, 0x26, 0x08, 0x33, 0x04, 0xCA, 0x07, 0xA4, 0x06, 0xE5, 0x07, 0x91, 0x0F,
    0xBF, 0x12, 0x02, 0x08, 0xB8, 0x0E, 0x3D, 0x15, 0x22, 0x17, 0xFE, 0x14, 0x42, 0x0F, 0x9A, 0x19,
    0x30, 0x13, 0x56, 0x05, 0x32, 0x0E, 0xE1, 0x12, 0x9E, 0x08, 0xDF, 0x0A, 0xF2, 0x0A, 0x18, 0x08,
    0x88, 0x0A, 0xDE, 0x03, 0x12, 0x06, 0x29, 0x06, 0xAF, 0xFD, 0x32, 0x07, 0xD4, 0x06, 0x5D, 0x05,
    0xB6, 0x10, 0x12, 0x11, 0xF4, 0x16, 0x1D, 0x14, 0xEC, 0x0B, 0xEB, 0x15, 0x6B, 0x1B, 0xE0, 0x18,
    0xE7, 0x18, 0x1B, 0x16, 0xD7, 0x1C, 0x26, 0x29, 0x91, 0x2D, 0xAD, 0x29, 0x90, 0x25, 0x9D, 0x29,
    0xDA, 0x23, 0x0F, 0x24, 0xF4, 0x1E, 0x13, 0x18, 0x41, 0x16, 0x9E, 0x1D, 0x2D, 0x1F, 0x9E, 0x1B,
    0x4F, 0x24, 0x09, 0x1F, 0xCB, 0x21, 0xFB, 0x1F, 0x22, 0x1A, 0x37, 0x1B, 0xF9, 0x17, 0x9E, 0x14,
    0xC2, 0x17, 0x07, 0x17, 0xBC, 0x0D, 0xF1, 0x13, 0xCB, 0x15, 0x87, 0x11, 0x7A, 0x14, 0xCF, 0x05,
    0xDC, 0x0D, 0xB6, 0x16, 0xCB, 0x19, 0x47, 0x2C, 0x65, 0x27, 0x08, 0x1F, 0x95, 0x21, 0x23, 0x27,
    0xF3, 0x2B, 0xA3, 0x2B, 0xCA, 0x21, 0x8B, 0x1B, 0x21, 0x21, 0xC3, 0x25, 0xB2, 0x1D, 0x36, 0x16,
    0x75, 0x04, 0x2A, 0xFB, 0x98, 0x0D, 0xE8, 0x13, 0xA7, 0x09, 0x6C, 0x08, 0x89, 0x00, 0x86, 0x06,
    0xAF, 0x0C, 0xD2, 0xFF, 0xF6, 0x0B, 0xB9, 0x16, 0x3C, 0x18, 0x56, 0x17, 0x1F, 0x1E, 0x82, 0x27,
    0x74, 0x22, 0x9C, 0x18, 0xEC, 0x18, 0x5B, 0x1E, 0xFE, 0x1F, 0xDA, 0x17, 0x0C, 0x12, 0x38, 0x0B,
    0x70, 0x0D, 0xD8, 0x15, 0xEC, 0x0C, 0xEC, 0x12, 0xB3, 0x18, 0x56, 0x1D, 0x58, 0x20, 0xB2, 0x24,
    0xD8, 0x1E, 0xA5, 0x1C, 0xF4, 0x21, 0x2A, 0x1D, 0xB9, 0x14, 0xA9, 0x13, 0xFA, 0x0F, 0x31, 0x08,
    0xED, 0x04, 0x91, 0xFB, 0xD0, 0x00, 0x3C, 0xFC, 0xF7, 0xFB, 0x65, 0xF9, 0x5A, 0xF4, 0x1D, 0xF5,
    0x2C, 0x07, 0x7F, 0x03, 0x30, 0xFE, 0xA8, 0x05, 0x6A, 0x05, 0x8B, 0x10, 0xFB, 0x10, 0x0B, 0x15,
    0x8C, 0x0E, 0x07, 0x0E, 0xF5, 0x0B, 0x25, 0x17, 0x98, 0x13, 0x41, 0x0F, 0xF6, 0x1B, 0xBE, 0x1A,
    0xE6, 0x19, 0x56, 0x1A, 0x01, 0x23, 0x5F, 0x2B, 0x0B, 0x2C, 0xBA, 0x27, 0x37, 0x25, 0x4C, 0x21,
    0xD4, 0x1A, 0x0F, 0x20, 0xC0, 0x16, 0x02, 0x0E, 0xC1, 0x1E, 0x4E, 0x14, 0x07, 0x09, 0xA8, 0x03,
    0x65, 0x05, 0x8E, 0x0A, 0xE9, 0x0C, 0x67, 0x0C, 0x6B, 0x04, 0xEF, 0x06, 0xAB, 0x00, 0x68, 0x08,
    0x7B, 0x11, 0xAF, 0x0D, 0xBB, 0x13, 0x7E, 0x13, 0x22, 0x11, 0x24, 0x13, 0x97, 0x12, 0xAC, 0x0C,
    0xE1, 0x10, 0x27, 0x11, 0x58, 0x08, 0x4D, 0x0E, 0x55, 0x15, 0xDF, 0x17, 0xA7, 0x1B, 0x2F, 0x19,
    0xE2, 0x15, 0x83, 0x14, 0xBE, 0x0A, 0x11, 0x13, 0x5E, 0x15, 0x05, 0x0A, 0x2C, 0x09, 0xD3, 0x03,
    0x4E, 0xFA, 0x62, 0x00, 0xD0, 0x01, 0x65, 0xF7, 0x2B, 0xF9, 0xF9, 0xFA, 0xA4, 0xF9, 0x5D, 0xF8,
    0xDF, 0xFC, 0x91, 0x03, 0x6E, 0x09, 0x18, 0x05, 0x96, 0x05, 0x07, 0xFF, 0x16, 0xFE, 0xF3, 0x0D,
    0x13, 0x16, 0xD1, 0x1B, 0x7D, 0x1D, 0x20, 0x19, 0xAC, 0x16, 0xD4, 0x1F, 0xB7, 0x1A, 0xC4, 0x0E,
    0xB5, 0x0E, 0xE1, 0x16, 0xF5, 0x0E, 0x88, 0x13, 0xB0, 0x18, 0x68, 0x16, 0x5F, 0x15, 0x69, 0x0F,
    0x4F, 0x0F, 0xB6, 0x06, 0x6C, 0x0E, 0x85, 0x0F, 0x07, 0x08, 0xB0, 0xF9, 0x96, 0xF3, 0xCE, 0xF4,
    0xC1, 0xF1, 0x5A, 0xF2, 0x65, 0xEC, 0x2E, 0xE5, 0xD9, 0xE7, 0xA7, 0xE8, 0xB7, 0xE2, 0xEF, 0xEA,
    0x7E, 0xEF, 0xF9, 0xE9, 0xD5, 0xEA, 0x87, 0xEC, 0xF8, 0xEA, 0xEF, 0xF3, 0xAA, 0xF3, 0xCF, 0xF5,
    0x8F, 0xF9, 0x87, 0xF8, 0x3A, 0xF9, 0x9E, 0xF7, 0xE8, 0xF5, 0x49, 0xF5, 0x19, 0xFB, 0x34, 0xFD,
    0x13, 0x04, 0x1C, 0x09, 0x4B, 0x0D, 0xD7, 0x0F, 0xBF, 0x07, 0xA4, 0xFF, 0x28, 0xFE, 0xFE, 0x02,
    0x79, 0x03, 0xA3, 0x03, 0x60, 0x01, 0xE4, 0xF8, 0xF3, 0xF4, 0x9B, 0xEF, 0xFA, 0xE6, 0xD2, 0xE2,
    0x0C, 0xE8, 0x82, 0xF1, 0x93, 0xF2, 0x65, 0xEB, 0xDD, 0xEA, 0xF6, 0xE8, 0x7D, 0xEA, 0xD8, 0xEE,
    0x73, 0xF6, 0x16, 0xF5, 0x08, 0xF3, 0xDD, 0xFD, 0x7B, 0xFE, 0x6C, 0x08, 0x13, 0x08, 0x2B, 0xFF,
    0x7A, 0xFD, 0xC7, 0xF8, 0xD1, 0xF8, 0xA9, 0xFF, 0x04, 0x02, 0x52, 0xFF, 0xF3, 0x00, 0x00, 0x00,
    0x86, 0xFC, 0x0D, 0xFA, 0x01, 0xED, 0x38, 0xE6, 0xEF, 0xEA, 0xAF, 0xEF, 0xF0, 0xEA, 0xE5, 0xE5,
    0xED, 0xE2, 0xBD, 0xEB, 0xEB, 0xF7, 0xDD, 0xEC, 0xCA, 0xF4, 0x7F, 0xF8, 0x00, 0xF1, 0xD0, 0xEE,
    0x8D, 0xF0, 0x8D, 0xF5, 0xD7, 0xF4, 0x77, 0xE8, 0xE4, 0xE7, 0xCD, 0xEA, 0x06, 0xE6, 0x37, 0xE9,
    0x53, 0xE6, 0xC5, 0xE7, 0x78, 0xEC, 0xA9, 0xEB, 0x21, 0xE5, 0x7A, 0xEF, 0x2F, 0xF5, 0xFF, 0xF2,
    0x72, 0xF8, 0xAB, 0x01, 0x64, 0x03, 0x64, 0xFF, 0xC8, 0xFF, 0x4C, 0xFF, 0x75, 0x00, 0xF4, 0xF6,
    0x14, 0xF3, 0xF5, 0xF2, 0x69, 0xEE, 0x45, 0xE9, 0x4D, 0xE1, 0x3F, 0xDE, 0xEB, 0xE1, 0x0E, 0xE4,
    0xC9, 0xE6, 0x7E, 0xED, 0xD3, 0xED, 0xF4, 0xE6, 0xA7, 0xE6, 0x12, 0xEA, 0x08, 0xEA, 0x4C, 0xED,
    0xBD, 0xEE, 0x7F, 0xF3, 0x06, 0xF9, 0x73, 0xFB, 0x58, 0xFB, 0x63, 0xFE, 0x23, 0xFC, 0x9C, 0xF7,
    0xEF, 0xF9, 0x21, 0xF6, 0x80, 0xF4, 0x7E, 0xF4, 0x02, 0xF3, 0x78, 0xF0, 0x82, 0xF3, 0xFB, 0xF5,
    0xFF, 0xF1, 0xCD, 0xEF, 0x70, 0xF3, 0x22, 0xFC, 0x14, 0xFA, 0x97, 0xF7, 0x16, 0xFF, 0xFD, 0xFC,
    0x0E, 0xFC, 0x67, 0x02, 0xBD, 0x04, 0xBA, 0xFE, 0x58, 0x01, 0xE6, 0x00, 0x8C, 0xFE, 0x87, 0x01,
    0xC3, 0xFA, 0x56, 0xF9, 0x5E, 0xF7, 0x65, 0xF7, 0x80, 0xF5, 0xE1, 0xF1, 0x7C, 0xEB, 0x42, 0xEC,
    0x48, 0xED, 0x7F, 0xF0, 0x96, 0xF6, 0xC2, 0xF5, 0xB6, 0xF5, 0x69, 0xF1, 0x02, 0xEC, 0x7E, 0xE9,
    0x1E, 0xED, 0x0D, 0xEB, 0xE3, 0xEE, 0x49, 0xF6, 0xDA, 0xF8, 0xA9, 0xFA, 0xA3, 0xFD, 0x61, 0x00,
    0xD4, 0x01, 0xDB, 0x00, 0xE0, 0xFC, 0xC4, 0xFB, 0xF4, 0xFA, 0xFC, 0xF9, 0x8E, 0xFC, 0xF9, 0xFE,
    0x7F, 0x00, 0x12, 0x03, 0x9F, 0x02, 0x7D, 0xFC, 0xAD, 0xF9, 0x95, 0xF8, 0x68, 0xFA, 0x7D, 0xFE,
    0xED, 0xFB, 0x92, 0xF6, 0x68, 0xF3, 0x97, 0xF9, 0xE1, 0xF7, 0x23, 0xFB, 0xFB, 0xFD, 0x02, 0x01,
    0x80, 0x01, 0x7F, 0xF5, 0x7D, 0xF2, 0x0B, 0xF4, 0xDF, 0xF1, 0x69, 0xF2, 0x43, 0xF2, 0xED, 0xF2,
    0x19, 0xFA, 0x03, 0xF3, 0xE1, 0xEE, 0x3D, 0xEF, 0xE8, 0xE7, 0x8E, 0xE8, 0xDF, 0xF1, 0x86, 0xEE,
    0x12, 0xEF, 0xFB, 0xF0, 0x2D, 0xED, 0x31, 0xEE, 0x92, 0xEC, 0x41, 0xEC, 0x8A, 0xEC, 0x0F, 0xEA,
    0x15, 0xEA, 0x8B, 0xEF, 0x1E, 0xF1, 0x50, 0xF3, 0xE7, 0xF5, 0xDB, 0xF2, 0x94, 0xEE, 0x6A, 0xF2,
    0x39, 0xEB, 0x33, 0xE6, 0x83, 0xE5, 0xAD, 0xDC, 0xDB, 0xE2, 0x2A, 0xED, 0x61, 0xED, 0x93, 0xEC,
    0x43, 0xEF, 0xFA, 0xEC, 0xAD, 0xE6, 0x73, 0xE3, 0x61, 0xDF, 0x51, 0xE2, 0x46, 0xE4, 0x41, 0xDF,
    0x07, 0xE2, 0x54, 0xE1, 0x7F, 0xE1, 0xC7, 0xE0, 0x07, 0xDC, 0xE0, 0xDF, 0x90, 0xE6, 0xDC, 0xE6,
    0x7B, 0xED, 0xC0, 0xF0, 0x06, 0xEC, 0x3A, 0xEC, 0x14, 0xED, 0x10, 0xEA, 0xD3, 0xE8, 0x27, 0xEA,
    0x87, 0xE6, 0x45, 0xEF, 0xC1, 0xEF, 0x4C, 0xED, 0x94, 0xEE, 0x5A, 0xE9, 0x1B, 0xE8, 0x86, 0xE9,
    0x07, 0xE5, 0x18, 0xE4, 0xE2, 0xEC, 0x80, 0xEE, 0x37, 0xF6, 0xAB, 0xFB, 0x7C, 0xFA, 0xBA, 0xF7,
    0x0D, 0xFE, 0xEB, 0x01, 0x53, 0x01, 0x79, 0x01, 0xDD, 0xF8, 0xF4, 0xF2, 0x19, 0xEE, 0xA5, 0xEB,
    0x88, 0xF0, 0x0B, 0xF0, 0xC2, 0xE7, 0x54, 0xED, 0x31, 0xF4, 0xEA, 0xF4, 0x02, 0xF1, 0x0A, 0xE9,
    0xA3, 0xE6, 0x8F, 0xEB, 0x5B, 0xED, 0x25, 0xF0, 0x08, 0xF6, 0xBF, 0xF7, 0x3C, 0xFB, 0x88, 0xFF,
    0x05, 0xFD, 0x02, 0xFC, 0x39, 0xFF, 0xA4, 0xFD, 0xE0, 0xFB, 0x98, 0xF6, 0x81, 0xF3, 0xE1, 0xF3,
    0x99, 0xEF, 0xBD, 0xED, 0x11, 0xF0, 0xA2, 0xF0, 0x7E, 0xF1, 0xDC, 0xEE, 0x4C, 0xE8, 0x09, 0xEB,
    0xFB, 0xEF, 0x2E, 0xED, 0x64, 0xF1, 0xA8, 0xF6, 0xC1, 0xF5, 0x6E, 0xF5, 0x5A, 0xFD, 0x74, 0xFB,
    0x5A, 0xFD, 0x48, 0x04, 0x9B, 0x05, 0xC4, 0x07, 0x3D, 0x05, 0xF9, 0x09, 0x8F, 0x0A, 0x46, 0x07,
    0xA1, 0xFE, 0x4B, 0x06, 0xC7, 0x0A, 0x59, 0x0D, 0x01, 0x0E, 0x8A, 0x02, 0x60, 0x01, 0x24, 0xFE,
    0xED, 0xF6, 0xA5, 0xF8, 0x51, 0x01, 0x5D, 0xFC, 0x89, 0xF9, 0x8B, 0xFB, 0x13, 0xF7, 0xD9, 0xF2,
    0x41, 0xF9, 0xD9, 0xF5, 0x40, 0xFD, 0xCE, 0x01, 0x04, 0xF9, 0xBC, 0xFE, 0xB9, 0xF8, 0xF1, 0xF9,
    0xA1, 0xFB, 0xC5, 0xF9, 0x54, 0xFD, 0xE8, 0xFB, 0xEB, 0xFC, 0x7C, 0x00, 0x53, 0x04, 0xFE, 0xFC,
    0xDE, 0xFA, 0xFD, 0xF9, 0xA4, 0xF3, 0x47, 0xF8, 0xF0, 0xF9, 0xB7, 0xFD, 0xAD, 0xFE, 0xA3, 0xFF,
    0x7F, 0x01, 0x66, 0xFD, 0xEA, 0xFC, 0xFD, 0xFB, 0x6F, 0xFC, 0x4C, 0xFC, 0xD0, 0x04, 0x1A, 0x09,
    0xF0, 0xFE, 0xF1, 0xFF, 0x52, 0xFF, 0x5E, 0xF9, 0x93, 0xFC, 0x43, 0xFD, 0xAF, 0xF7, 0xF2, 0xF5,
    0xF9, 0xF5, 0x61, 0xF4, 0x23, 0xFC, 0xFF, 0xFB, 0x9E, 0xF6, 0xD5, 0xF7, 0xFD, 0xF9, 0xD5, 0xFC,
    0x2A, 0xFD, 0x41, 0xF8, 0x1B, 0xF5, 0x33, 0xFA, 0x84, 0xF9, 0xF9, 0xF9, 0x30, 0xFB, 0x7D, 0xF7,
    0xEF, 0xFB, 0x54, 0xFE, 0x30, 0xF9, 0xF6, 0xFA, 0x9A, 0xFE, 0x83, 0xFD, 0x44, 0xFF, 0xD8, 0x00,
    0xAE, 0x00, 0xFA, 0x06, 0x78, 0x06, 0xB1, 0x05, 0xC4, 0x06, 0x82, 0x00, 0x3E, 0xFA, 0x3F, 0xF8,
    0x6F, 0xF5, 0x67, 0xF6, 0x60, 0xFC, 0x9B, 0xFB, 0xC3, 0xFE, 0x67, 0x02, 0x83, 0xFF, 0xC6, 0x00,
    0x58, 0x08, 0x5E, 0x0C, 0x57, 0x10, 0x74, 0x0E, 0xA0, 0x08, 0xA2, 0x07, 0x06, 0x09, 0x5E, 0x06,
    0xE9, 0x07, 0xC1, 0x09, 0xCD, 0x02, 0x47, 0x02, 0xA2, 0x04, 0x67, 0x05, 0xF5, 0x04, 0x35, 0x00,
    0xA2, 0x00, 0xF9, 0x00, 0xA1, 0xFB, 0xCF, 0xFD, 0x0F, 0x07, 0x8D, 0x07, 0xCD, 0x0B, 0xDD, 0x10,
    0x17, 0x09, 0x71, 0x0B, 0x0F, 0x0B, 0xBE, 0x08, 0xBF, 0x0A, 0x7F, 0x0A, 0x04, 0x06, 0xAA, 0x07,
    0x23, 0x02, 0x78, 0xFF, 0x76, 0x00, 0x67, 0x05, 0x09, 0x0A, 0x04, 0x07, 0x71, 0x00, 0x0F, 0x00,
    0xA5, 0x05, 0xCA, 0x05, 0x61, 0x0F, 0x7F, 0x09, 0x93, 0x06, 0xD2, 0x06, 0xC6, 0x0C, 0xE4, 0x0A,
    0xFD, 0x12, 0x43, 0x08, 0xFF, 0x06, 0xAB, 0x0C, 0xD3, 0x0A, 0xBD, 0x09, 0x10, 0x0C, 0xD6, 0x0E,
    0x88, 0xFC, 0xE6, 0x06, 0xAD, 0x00, 0x6D, 0x04, 0xC1, 0xFF, 0xDF, 0xFE, 0xB4, 0x0B, 0x81, 0x06,
    0xB1, 0xFA, 0xA7, 0xFD, 0x4F, 0xF8, 0x9F, 0xEA, 0x62, 0xEE, 0x91, 0xF8, 0x83, 0xF4, 0x38, 0xEE,
    0xBF, 0xF0, 0x51, 0xFB, 0xCA, 0x03, 0xFB, 0xFB, 0xA9, 0xFA, 0x9E, 0xFA, 0xEC, 0xFB, 0x30, 0xFC,
    0x89, 0x08, 0x11, 0x0D, 0xC2, 0x18, 0x9E, 0x10, 0x24, 0x10, 0xAE, 0x1A, 0x20, 0x15, 0x9C, 0x13,
    0xFF, 0x15, 0xA2, 0x1B, 0x69, 0x14, 0xFB, 0x16, 0xA0, 0x10, 0x23, 0x14, 0x1C, 0x16, 0xD2, 0x09,
    0xA8, 0x0C, 0xE9, 0x0B, 0x5F, 0x0B, 0xB7, 0x02, 0x70, 0x05, 0x0A, 0x09, 0x16, 0x0D, 0x21, 0x0F,
    0x57, 0x09, 0xBC, 0x10, 0xEF, 0x0A, 0x4E, 0x07, 0x99, 0x12, 0xD6, 0x20, 0xEB, 0x16, 0x65, 0x0D,
    0x46, 0x0C, 0xB5, 0x0C, 0x5A, 0x0B, 0x4C, 0x05, 0x63, 0x00, 0xBD, 0x00, 0x81, 0x01, 0x6B, 0xFE,
    0x65, 0x00, 0x7E, 0xFC, 0x8E, 0xFB, 0x87, 0x00, 0xFD, 0xFD, 0x49, 0xFF, 0x68, 0x02, 0x64, 0x03,
    0x5B, 0x06, 0xBE, 0xFD, 0xA4, 0xFF, 0xC4, 0x01, 0xF2, 0x03, 0x31, 0x02, 0x69, 0x02, 0xA6, 0x03,
    0xEA, 0x09, 0xFD, 0x0B, 0xC3, 0x03, 0x47, 0x09, 0xF6, 0x0E, 0xDC, 0x0A, 0x2C, 0x08, 0xF2, 0x0E,
    0x76, 0x0A, 0x02, 0x08, 0x54, 0x07, 0x5E, 0x06, 0x22, 0x09, 0x59, 0x0E, 0x57, 0x0F, 0x23, 0x14,
    0x9A, 0x10, 0x01, 0x0D, 0x37, 0x0F, 0xA7, 0x0D, 0x5E, 0x0D, 0xE6, 0x0B, 0x7E, 0x0C, 0x9D, 0x0B,
    0x57, 0x11, 0xF5, 0x0E, 0x24, 0x0D, 0x52, 0x09, 0xD0, 0x02, 0xB9, 0xFF, 0xBD, 0x00, 0x66, 0xFC,
    0x4D, 0xFA, 0x42, 0xFA, 0xC9, 0xFB, 0x01, 0x06, 0x61, 0x07, 0xD0, 0x04, 0x05, 0x06, 0xD8, 0x09,
    0xBF, 0x0D, 0x49, 0x15, 0x7A, 0x12, 0x03, 0x15, 0xC6, 0x16, 0x56, 0x11, 0xCD, 0x12, 0xB3, 0x1A,
    0x17, 0x18, 0x7E, 0x14, 0x3C, 0x15, 0x10, 0x0D, 0x89, 0x0C, 0x53, 0x0F, 0xDB, 0x0F, 0xA9, 0x0F,
    0x1F, 0x0E, 0x6F, 0x0B, 0x3B, 0x0D, 0x0C, 0x0D, 0x82, 0x11, 0x48, 0x12, 0x76, 0x07, 0xDC, 0x02,
    0xD6, 0x04, 0xD0, 0xFF, 0xAE, 0xFE, 0xF1, 0x03, 0xDE, 0x04, 0xF9, 0x07, 0x74, 0x0B, 0xF8, 0x08,
    0xDE, 0x07, 0x2C, 0x0A, 0x7B, 0x07, 0x0A, 0x0E, 0xA5, 0x14, 0x65, 0x0F, 0x87, 0x0C, 0x04, 0x0F,
    0x9E, 0x12, 0x53, 0x18, 0x5C, 0x15, 0x5F, 0x10, 0x0D, 0x0D, 0x86, 0x05, 0xC2, 0x08, 0x97, 0x0E,
    0x6E, 0x0B, 0x54, 0x0C, 0x50, 0x10, 0x7D, 0x09, 0x2F, 0x08, 0x53, 0x0B, 0x7C, 0x07, 0x82, 0x0B,
    0xE9, 0x06, 0x1A, 0xFE, 0xE1, 0x04, 0xDA, 0x0A, 0x14, 0x07, 0xCD, 0x02, 0xFF, 0x01, 0x63, 0x03,
    0x1F, 0x08, 0x8A, 0x00, 0x82, 0xFF, 0x35, 0x06, 0xD6, 0x05, 0xA1, 0x09, 0x0D, 0x08, 0xE3, 0x03,
    0x63, 0x04, 0xB7, 0x04, 0x61, 0xFF, 0x14, 0x00, 0x7C, 0x02, 0x97, 0x03, 0x2B, 0x05, 0x6C, 0x00,
    0xF5, 0xFC, 0x5B, 0xFF, 0x4B, 0x01, 0x24, 0x01, 0xE6, 0x04, 0xEF, 0x07, 0xB8, 0x06, 0xD4, 0x01,
    0x77, 0xFE, 0x11, 0x01, 0x7F, 0x04, 0xC8, 0x00, 0x21, 0x02, 0x30, 0x02, 0x44, 0xFA, 0xBF, 0xFA,
    0x9A, 0xFC, 0x54, 0xFC, 0xDC, 0x03, 0xD6, 0x05, 0xC6, 0xFE, 0x2D, 0x04, 0x8E, 0x09, 0xA2, 0x07,
    0x7A, 0x08, 0x15, 0x0B, 0x6E, 0x0B, 0xA6, 0x08, 0x89, 0x04, 0x05, 0x01, 0xDF, 0xFE, 0xF6, 0xFC,
    0x5F, 0xFF, 0x9F, 0x03, 0xA5, 0x00, 0xD5, 0x00, 0xB0, 0x01, 0xF6, 0xF7, 0xC3, 0xF8, 0xA1, 0x00,
    0xC3, 0x03, 0xD0, 0x07, 0xD2, 0x03, 0x91, 0xFC, 0xCB, 0x01, 0xE1, 0x02, 0x68, 0x02, 0x47, 0x03,
    0xF4, 0xFF, 0xAE, 0x00, 0x30, 0xFE, 0xB4, 0xF8, 0x2B, 0xF6, 0xCB, 0xFB, 0x26, 0xFC, 0x9B, 0xFB,
    0xAD, 0x00, 0x2E, 0x02, 0x74, 0x07, 0x68, 0x07, 0x5C, 0x07, 0x2A, 0x0E, 0x9B, 0x0C, 0x2F, 0x0C,
    0xC7, 0x0C, 0xC0, 0x07, 0x7A, 0x05, 0x24, 0x07, 0x12, 0x08, 0x19, 0x08, 0x8B, 0x07, 0xFA, 0x05,
    0x5A, 0x09, 0xDA, 0x07, 0x50, 0xFF, 0xF5, 0xFF, 0x86, 0x05, 0xB7, 0x03, 0x5A, 0x03, 0xBE, 0x01,
    0xB7, 0xFC, 0x59, 0xFE, 0xD9, 0xFC, 0xE1, 0xF9, 0x1D, 0x00, 0x8E, 0x02, 0xD2, 0x03, 0xCC, 0x02,
    0x12, 0xFC, 0x21, 0xFC, 0xDB, 0xFF, 0x15, 0x02, 0x9B, 0x02, 0x0F, 0x01, 0xAA, 0xFB, 0xE2, 0xFA,
    0xF2, 0xFA, 0x8C, 0xF9, 0x5D, 0xFE, 0x52, 0x02, 0x64, 0x05, 0x32, 0x09, 0xB2, 0x07, 0x8B, 0xFF,
    0xC4, 0xFB, 0x5D, 0xFD, 0x35, 0xFD, 0x1E, 0x04, 0x99, 0x03, 0x7B, 0xFB, 0xE0, 0xFA, 0x4B, 0xF6,
    0x02, 0xF3, 0x8D, 0xF4, 0x4E, 0xF6, 0x36, 0xFB, 0x0D, 0x01, 0x03, 0x00, 0x07, 0xFC, 0x19, 0xF8,
    0x6B, 0xF8, 0xDC, 0xFF, 0x0D, 0x04, 0xF9, 0x01, 0x40, 0x02, 0xAE, 0xFD, 0xCD, 0xFA, 0xCA, 0x00,
    0x35, 0x01, 0x68, 0x01, 0x0C, 0x02, 0xB0, 0xFE, 0x8E, 0xFC, 0x08, 0x00, 0x31, 0x01, 0x54, 0x03,
    0x8A, 0x05, 0xE0, 0x05, 0x3D, 0x07, 0xE9, 0x05, 0xA7, 0x05, 0xCB, 0x04, 0x5C, 0x01, 0x9F, 0x01,
    0x6B, 0x03, 0x25, 0xFD, 0xB8, 0xF4, 0x72, 0xF6, 0x57, 0xFA, 0x0D, 0xFA, 0xDE, 0xFB, 0xA8, 0xF9,
    0x8C, 0xFC, 0x1C, 0x05, 0x30, 0x03, 0xCD, 0xFD, 0xE3, 0xFF, 0x77, 0x00, 0x18, 0x02, 0xF6, 0x04,
    0x98, 0x01, 0xF7, 0xFE, 0xF5, 0xFB, 0x55, 0xF8, 0xEF, 0xFA, 0xE2, 0xFD, 0x37, 0xFD, 0x2B, 0xFF,
    0xFF, 0xFA, 0xEE, 0xF5, 0xCD, 0xF8, 0x54, 0xF7, 0xD9, 0xF7, 0x12, 0xFE, 0x0F, 0xFD, 0x67, 0xFA,
    0x3B, 0xF9, 0x3C, 0xFB, 0xBC, 0xFD, 0x82, 0xFE, 0x83, 0xFD, 0x17, 0xFD, 0x15, 0xFF, 0x3E, 0xFD,
    0x69, 0xFD, 0xF7, 0xFB, 0xF1, 0xF9, 0x43, 0xFF, 0x4E, 0xFF, 0xAF, 0xFB, 0xE1, 0xFB, 0xFF, 0xF7,
    0x82, 0xF9, 0xC4, 0x00, 0xEA, 0x01, 0xDC, 0xFD, 0x07, 0xFD, 0xAA, 0xF9, 0xEB, 0xF9, 0xE1, 0xFF,
    0xE4, 0xFD, 0x8B, 0xFC, 0xA0, 0xFB, 0xE7, 0xFB, 0x83, 0xFF, 0xA1, 0x00, 0x3C, 0x00, 0x9A, 0xFE,
    0x4B, 0xFA, 0x5C, 0xFB, 0x63, 0x02, 0x6A, 0x04, 0x9C, 0x02, 0x20, 0x03, 0xD0, 0xFF, 0xFC, 0xFC,
    0x53, 0xFC, 0x45, 0xF7, 0x94, 0xF9, 0xF9, 0x00, 0x36, 0x01, 0x2D, 0x01, 0x3C, 0x04, 0xD3, 0x02,
    0xDF, 0xFB, 0xD0, 0xF7, 0x87, 0xF8, 0x8D, 0xFA, 0xA1, 0xFA, 0x32, 0xFA, 0x5B, 0xFB, 0x79, 0xF7,
    0x49, 0xF5, 0x30, 0xF8, 0x49, 0xF8, 0x37, 0xF9, 0x4C, 0xFB, 0x1B, 0xF8, 0xD5, 0xF8, 0x23, 0xFB,
    0x77, 0xF6, 0x2B, 0xF4, 0x39, 0xFA, 0x58, 0xFF, 0xE2, 0x01, 0x5D, 0x04, 0x38, 0x01, 0x43, 0xFE,
    0x4B, 0xF9, 0xC2, 0xF5, 0x09, 0xF6, 0x17, 0xF7, 0x08, 0xFD, 0x42, 0xFF, 0xD6, 0xF7, 0x86, 0xF1,
    0xA9, 0xED, 0x65, 0xE5, 0xB6, 0xE3, 0xA9, 0xE7, 0xC4, 0xE7, 0x3E, 0xEB, 0x13, 0xEF, 0x22, 0xEC,
    0x38, 0xED, 0x47, 0xEF, 0xE4, 0xEA, 0x27, 0xED, 0xFB, 0xF3, 0x74, 0xF8, 0xBE, 0xFC, 0xF0, 0xFC,
    0x59, 0xF8, 0x0B, 0xF5, 0xF0, 0xEF, 0x31, 0xEF, 0xE4, 0xF6, 0xCA, 0xF7, 0x3A, 0xFA, 0xAF, 0xFF,
    0x05, 0xFE, 0x5C, 0xFC, 0x89, 0xFA, 0x06, 0xF3, 0x67, 0xF3, 0xBC, 0xF5, 0xCB, 0xF3, 0x7E, 0xF9,
    0x44, 0xFA, 0x6C, 0xF6, 0x7A, 0xF7, 0xBE, 0xF6, 0xB4, 0xF3, 0x4F, 0xF4, 0x01, 0xF5, 0x65, 0xF6,
    0x0E, 0xF8, 0x71, 0xF6, 0xF2, 0xF1, 0xE0, 0xF0, 0xF6, 0xF1, 0xB1, 0xF6, 0xE4, 0xFA, 0x6E, 0xF7,
    0xBD, 0xF8, 0x7E, 0xFB, 0xD1, 0xF7, 0x61, 0xF4, 0xF8, 0xF5, 0xAC, 0xF3, 0x31, 0xF5, 0x3D, 0xFC,
    0xD7, 0xFB, 0x6B, 0xFB, 0x02, 0xFC, 0x93, 0xF7, 0x9F, 0xF4, 0x55, 0xF7, 0xBF, 0xFA, 0x10, 0xF9,
    0x3F, 0xF8, 0x6D, 0xF9, 0x3E, 0xF6, 0x41, 0xF3, 0xCD, 0xF1, 0x79, 0xEF, 0xD4, 0xEF, 0xC4, 0xEF,
    0x0E, 0xF2, 0xF0, 0xF3, 0xC4, 0xF7, 0x20, 0xFF, 0x99, 0xFC, 0xB6, 0xFA, 0x3B, 0xFB, 0xF8, 0xFA,
    0x0E, 0xFB, 0x73, 0xFC, 0x59, 0xFD, 0x15, 0xFF, 0x37, 0xFF, 0x6F, 0xFE, 0xE5, 0xFD, 0x5B, 0xF9,
    0x52, 0xFA, 0xD8, 0xFD, 0x43, 0x00, 0xAD, 0x00, 0xD4, 0xFD, 0xEF, 0xF9, 0x84, 0xF9, 0xB9, 0xF9,
    0xF6, 0xF8, 0x0F, 0xFC, 0x45, 0xFD, 0x10, 0xFD, 0x55, 0xFD, 0x2F, 0xFA, 0x04, 0xF8, 0x08, 0xF9,
    0x2A, 0xFB, 0x17, 0xFF, 0x65, 0x01, 0xD4, 0xFF, 0x2C, 0x02, 0x9F, 0x00, 0xF5, 0xFC, 0x8F, 0xFF,
    0xED, 0xFE, 0x12, 0xFC, 0x94, 0xFC, 0xD7, 0xFD, 0x5C, 0xFB, 0xB5, 0xFD, 0x18, 0xFC, 0xDB, 0xF5,
    0xBE, 0xF7, 0xBF, 0xF8, 0x41, 0xF8, 0x2A, 0xFB, 0x0F, 0xFB, 0xE8, 0xFB, 0x1D, 0x03, 0x63, 0x05,
    0x95, 0x06, 0x55, 0x06, 0x1B, 0x00, 0x44, 0x01, 0x88, 0x05, 0xC5, 0x04, 0xFC, 0x04, 0x07, 0x01,
    0xC0, 0xFB, 0xA1, 0xFF, 0x36, 0xFF, 0x67, 0xFA, 0x36, 0xFA, 0xCE, 0xF7, 0xEB, 0xF5, 0xF3, 0xF9,
    0xC6, 0xFC, 0x57, 0xF8, 0x31, 0xF7, 0x0B, 0xF7, 0xB8, 0xF3, 0x0D, 0xF5, 0x3A, 0xF3, 0x78, 0xF3,
    0x26, 0xF4, 0x41, 0xF2, 0x9C, 0xF4, 0x5B, 0xF2, 0x80, 0xF0, 0xF4, 0xF4, 0x64, 0xF5, 0xE8, 0xF4,
    0x0A, 0xFA, 0x50, 0xFA, 0xDA, 0xF9, 0xA0, 0xFC, 0x01, 0xFE, 0x18, 0xFD, 0x5B, 0xFC, 0x45, 0xF8,
    0x2F, 0xF7, 0xB0, 0xFB, 0xCA, 0xFA, 0xF8, 0xF7, 0xC3, 0xF4, 0xC3, 0xF1, 0xAE, 0xF2, 0x54, 0xF6,
    0x6D, 0xF8, 0x5D, 0xFA, 0xF7, 0xF7, 0x14, 0xF5, 0x9A, 0xF7, 0x3C, 0xFA, 0x7D, 0xFB, 0x42, 0xFE,
    0x7F, 0xFC, 0x58, 0xFC, 0x7D, 0x01, 0xEC, 0x01, 0xC2, 0x02, 0x95, 0x04, 0x9E, 0x03, 0x2B, 0x02,
    0x74, 0x03, 0x19, 0xFF, 0xF5, 0xFB, 0x48, 0xFB, 0x40, 0xF9, 0x69, 0xFC, 0xAB, 0x00, 0xDB, 0x00,
    0x46, 0x02, 0xA1, 0x01, 0xC1, 0xFB, 0x96, 0xFD, 0x45, 0xFC, 0xAF, 0xF8, 0x9C, 0xFB, 0xF0, 0xFA,
    0x97, 0xF8, 0xB2, 0xFB, 0xF2, 0xF9, 0xEE, 0xF7, 0x6B, 0xFC, 0x64, 0xFB, 0x5C, 0xF7, 0xF2, 0xFA,
    0x7A, 0xFC, 0xE5, 0xFB, 0x7B, 0xFE, 0x5F, 0xFD, 0x41, 0xFE, 0xA9, 0xFD, 0xCA, 0xFB, 0xF6, 0xFB,
    0xD1, 0xF9, 0x7D, 0xF7, 0xC9, 0xFA, 0x59, 0xFA, 0xAB, 0xF8, 0x0A, 0xFC, 0xD0, 0xF8, 0xD7, 0xF5,
    0x25, 0xF9, 0x91, 0xFC, 0xC1, 0xFF, 0xAE, 0x02, 0xC2, 0x01, 0x8A, 0xFF, 0x70, 0x00, 0x58, 0x00,
    0x48, 0x00, 0x31, 0xFF, 0x8F, 0xFE, 0x0A, 0xFF, 0x9A, 0xFE, 0x76, 0x01, 0xA7, 0x03, 0x4B, 0x03,
    0xA8, 0xFF, 0x8E, 0xFD, 0x9C, 0xFA, 0xAF, 0xFB, 0x2A, 0xFD, 0x16, 0xFB, 0x1E, 0xFB, 0x24, 0xFC,
    0xE2, 0xFC, 0x7B, 0xFD, 0x8C, 0x01, 0x82, 0xFF, 0x9A, 0xFD, 0x6B, 0xFE, 0xDA, 0xFF, 0x9A, 0x03,
    0x62, 0x03, 0x08, 0xFE, 0x3E, 0xFB, 0x6C, 0xFB, 0xA1, 0xFC, 0x27, 0xFF, 0x6F, 0xFD, 0x84, 0xFE,
    0xDA, 0x02, 0xBD, 0xFF, 0x47, 0xFC, 0x06, 0x00, 0xA0, 0xFE, 0x45, 0xFE, 0xA5, 0x02, 0x29, 0x00,
    0xCF, 0xFE, 0x16, 0xFF, 0xC9, 0xFA, 0x2A, 0xFB, 0xE7, 0xFE, 0x64, 0xFE, 0x05, 0xFE, 0x19, 0xFD,
    0x09, 0xFD, 0x58, 0x01, 0x7B, 0x03, 0x07, 0x07, 0x15, 0x0B, 0x14, 0x08, 0x03, 0x08, 0x07, 0x0B,
    0x9D, 0x09, 0x5A, 0x09, 0xAF, 0x0D, 0x17, 0x0D, 0x62, 0x0A, 0xD4, 0x0A, 0xAC, 0x09, 0x4B, 0x0A,
    0x52, 0x09, 0x97, 0x05, 0x87, 0x03, 0x72, 0x06, 0xCE, 0x06, 0xA2, 0x02, 0x11, 0x01, 0x7B, 0x02,
    0xF8, 0x03, 0xCB, 0x01, 0x81, 0x00, 0xFB, 0x00, 0x02, 0xFF, 0x16, 0x00, 0x1A, 0x02, 0x35, 0x00,
    0x66, 0x01, 0xBB, 0x01, 0x10, 0xFE, 0x35, 0xFD, 0x36, 0xFE, 0x3C, 0xFC, 0xD9, 0xFD, 0xE7, 0x00,
    0xFE, 0x03, 0xEE, 0x06, 0x8D, 0x04, 0x61, 0x00, 0x75, 0xFF, 0xE5, 0xFF, 0x27, 0x00, 0xFE, 0x01,
    0x7C, 0x01, 0xAA, 0x02, 0xDD, 0x01, 0x85, 0xFE, 0x7A, 0xFF, 0xAE, 0x01, 0x94, 0x00, 0x44, 0xFF,
    0xBE, 0xFF, 0x09, 0xFF, 0x94, 0x00, 0x45, 0x02, 0x74, 0xFE, 0x73, 0xFB, 0x71, 0xFC, 0xE9, 0xFB,
    0x32, 0xFC, 0x20, 0xFD, 0x1B, 0xFE, 0xD0, 0xFE, 0x34, 0xFE, 0x7A, 0xFF, 0xE5, 0x02, 0x23, 0x02,
    0xF0, 0x00, 0x26, 0x01, 0x2E, 0xFE, 0xE1, 0x00, 0x15, 0x02, 0x4B, 0xFF, 0x4F, 0x02, 0x5A, 0x03,
    0xC0, 0x00, 0xA2, 0x02, 0xC9, 0x03, 0x77, 0xFF, 0xA8, 0xFD, 0xC9, 0xFF, 0xAB, 0xFF, 0x5B, 0xFF,
    0x79, 0x00, 0xD5, 0x01, 0xED, 0x02, 0xBE, 0x01, 0x58, 0x01, 0xC8, 0x02, 0x51, 0x02, 0x7F, 0x03,
    0xAC, 0x03, 0x43, 0x01, 0x34, 0x03, 0x4C, 0x05, 0xC8, 0x03, 0x8A, 0x02, 0x17, 0x02, 0x56, 0xFE,
    0x78, 0xFE, 0x64, 0x01, 0x46, 0x00, 0xE3, 0x00, 0xE4, 0x02, 0x49, 0x04, 0xF1, 0x05, 0xB8, 0x05,
    0x12, 0x04, 0x72, 0x04, 0x70, 0x03, 0xA6, 0x03, 0x62, 0x04, 0xCA, 0x01, 0x8A, 0x02, 0x48, 0x03,
    0x96, 0x01, 0x88, 0x00, 0xAD, 0xFF, 0xBC, 0xFF, 0x71, 0x00, 0x00, 0x00, 0xEF, 0xFE, 0x19, 0x00,
    0x17, 0x02, 0xB1, 0x01, 0x1B, 0x03, 0xB5, 0x03, 0xCB, 0x03, 0x8B, 0x06, 0x62, 0x06, 0xDC, 0x06,
    0xD2, 0x07, 0x91, 0x06, 0x8F, 0x04, 0x8A, 0x02, 0x25, 0x01, 0x1A, 0x02, 0x5C, 0x01, 0x97, 0xFF,
    0x5B, 0x00, 0xB9, 0x00, 0x45, 0x00, 0x20, 0x02, 0x98, 0x02, 0x2C, 0x02, 0xEB, 0x03, 0x29, 0x04,
    0x93, 0x04, 0x21, 0x04, 0xEC, 0x03, 0x53, 0x04, 0x72, 0x05, 0x2E, 0x05, 0xE0, 0x04, 0x20, 0x06,
    0xD6, 0x05, 0x12, 0x07, 0x06, 0x07, 0x35, 0x06, 0x8D, 0x07, 0x1E, 0x07, 0x43, 0x03, 0x26, 0x02,
    0xDA, 0x02, 0x3F, 0x03, 0xC9, 0x05, 0xEA, 0x04, 0xB4, 0x01, 0xAB, 0x01, 0x36, 0x02, 0xF1, 0x01,
    0x95, 0x02, 0x65, 0x02, 0xEA, 0x02, 0xF5, 0x02, 0x1A, 0x01, 0x13, 0x00, 0x17, 0xFE, 0xBD, 0xFB,
    0x90, 0xFD, 0x35, 0x01, 0x73, 0x01, 0xE3, 0x01, 0xD1, 0x02, 0x28, 0x03, 0x28, 0x05, 0x35, 0x06,
    0xF5, 0x05, 0x7B, 0x07, 0x5F, 0x08, 0xB2, 0x08, 0x4B, 0x0A, 0x68, 0x0A, 0x74, 0x09, 0x78, 0x08,
    0xCB, 0x06, 0x8F, 0x05, 0xBB, 0x04, 0x5B, 0x04, 0xBF, 0x05, 0xFA, 0x04, 0x03, 0x07, 0x0A, 0x0B,
    0xEB, 0x07, 0xDB, 0x03, 0x75, 0x03, 0x93, 0x02, 0x36, 0x02, 0x66, 0x05, 0x5F, 0x07, 0xF7, 0x06,
    0xF1, 0x06, 0xCC, 0x05, 0x0E, 0x04, 0xA6, 0x02, 0xF7, 0x01, 0xE5, 0x00, 0x6D, 0x01, 0x7E, 0x02,
    0x53, 0x02, 0x7E, 0x02, 0xD0, 0x01, 0x20, 0x02, 0x94, 0x01, 0x9D, 0x00, 0x4C, 0x01, 0x83, 0x00,
    0x7A, 0xFF, 0x92, 0x01, 0xC4, 0x01, 0x28, 0x01, 0xA8, 0x03, 0x27, 0x04, 0x18, 0x03, 0xEA, 0x04,
    0x65, 0x05, 0xC8, 0x03, 0xF7, 0x03, 0x6D, 0x03, 0x27, 0x03, 0xC3, 0x03, 0x1E, 0x03, 0xA7, 0x01,
    0x0D, 0x01, 0x8F, 0x00, 0x0D, 0x01, 0x02, 0x02, 0xAA, 0x01, 0x49, 0x02, 0xD9, 0x02, 0xFC, 0x02,
    0xA8, 0x04, 0x7B, 0x05, 0x2D, 0x06, 0xAE, 0x08, 0xBA, 0x07, 0xC3, 0x05, 0x44, 0x05, 0x9A, 0x03,
    0x18, 0x02, 0x33, 0x03, 0x8F, 0x03, 0x5C, 0x03, 0x42, 0x05, 0x8C, 0x04, 0x95, 0x03, 0x90, 0x02,
    0x9F, 0x01, 0x8F, 0x02, 0xF3, 0x01, 0x43, 0x00, 0x03, 0xFE, 0x54, 0xFC, 0xF6, 0xFB, 0xD1, 0xFD,
    0xA4, 0xFE, 0x05, 0xFE, 0x20, 0xFE, 0xA9, 0xFC, 0x23, 0xFC, 0x1E, 0xFE, 0xC9, 0xFE, 0xF2, 0xFD,
    0x88, 0xFE, 0x3D, 0xFE, 0x71, 0xFE, 0x15, 0x00, 0xAE, 0x01, 0xDA, 0x02, 0x27, 0x03, 0xD8, 0x04,
    0x39, 0x06, 0xBC, 0x06, 0x6E, 0x08, 0x34, 0x0B, 0x7E, 0x0C, 0xEC, 0x0B, 0x0E, 0x0B, 0xCE, 0x09,
    0x3B, 0x08, 0x0B, 0x08, 0x11, 0x08, 0xE7, 0x07, 0xF1, 0x06, 0x80, 0x05, 0x81, 0x06, 0xD5, 0x08,
    0xA6, 0x09, 0xF4, 0x07, 0xCE, 0x05, 0xEF, 0x03, 0xD1, 0x02, 0xD7, 0x00, 0xBA, 0x00, 0x75, 0x02,
    0x39, 0x02, 0x36, 0x02, 0xD7, 0x03, 0x1B, 0x04, 0x51, 0x03, 0x2C, 0x04, 0xA1, 0x04, 0x90, 0x05,
    0xF5, 0x06, 0x0C, 0x06, 0xCC, 0x04, 0x9D, 0x06, 0xF9, 0x06, 0x36, 0x06, 0x8B, 0x06, 0xB1, 0x06,
    0x00, 0x07, 0x46, 0x05, 0x00, 0x03, 0x62, 0x03, 0x5B, 0x03, 0x2C, 0x02, 0x18, 0x01, 0x10, 0xFF,
    0x8F, 0xFD, 0xF4, 0xFD, 0x1B, 0xFF, 0xD6, 0xFE, 0x4D, 0xFF, 0x0E, 0xFF, 0x6C, 0xFE, 0x96, 0xFF,
    0xF1, 0xFF, 0x56, 0x00, 0x46, 0x00, 0xC0, 0x00, 0x51, 0x02, 0x76, 0x02, 0xC8, 0x00, 0x22, 0xFF,
    0x5A, 0xFE, 0x95, 0xFE, 0xAF, 0xFE, 0x15, 0xFE, 0xB9, 0xFE, 0x87, 0x00, 0x93, 0x01, 0x4D, 0x02,
    0x22, 0x03, 0xD0, 0x02, 0xF9, 0x01, 0x10, 0x02, 0x2A, 0x02, 0x02, 0x02, 0xF9, 0x01, 0xF7, 0x00,
    0x0A, 0x01, 0xC7, 0x01, 0x2A, 0x01, 0x42, 0x00, 0x9D, 0xFF, 0x60, 0xFF, 0xEF, 0xFF, 0xA5, 0xFF,
    0xE9, 0xFE, 0xD9, 0xFF, 0x04, 0x00, 0xE3, 0xFF, 0x83, 0x00, 0xE8, 0x00, 0xB8, 0x00, 0xA2, 0x00,
    0x6E, 0x00, 0xFD, 0x00, 0x5F, 0x01, 0x70, 0x00, 0x77, 0x00, 0x71, 0x01, 0xE3, 0x01, 0x9E, 0x01,
    0xE7, 0x02, 0x21, 0x03, 0x24, 0x03, 0x98, 0x04, 0x47, 0x04, 0xB6, 0x04, 0x82, 0x04, 0x9A, 0x03,
    0xE0, 0x03, 0x84, 0x02, 0x99, 0x00, 0x29, 0x00, 0x46, 0x00, 0xA9, 0xFF, 0x48, 0xFF, 0xF6, 0xFE,
    0x52, 0xFE, 0xE8, 0xFD, 0x36, 0xFD, 0x87, 0xFC, 0x88, 0xFC, 0x93, 0xFD, 0x3B, 0xFE, 0xED, 0xFD,
    0x7E, 0xFD, 0xED, 0xFD, 0x27, 0xFE, 0x1D, 0xFE, 0x1E, 0xFE, 0xD1, 0xFD, 0xCE, 0xFD, 0x2E, 0xFE,
    0x67, 0xFE, 0x95, 0xFE, 0x0E, 0xFF, 0x64, 0xFF, 0xA4, 0xFF, 0x81, 0x00, 0xCA, 0x00, 0x9C, 0xFF,
    0xC6, 0xFE, 0x7A, 0xFE, 0xC1, 0xFE, 0xDA, 0xFF, 0xCD, 0xFF, 0x1E, 0xFF, 0x08, 0xFF, 0xF8, 0xFE,
    0xB7, 0xFE, 0x26, 0xFE, 0x39, 0xFE, 0x93, 0xFE, 0x9C, 0xFE, 0x50, 0xFE, 0x3D, 0xFE, 0x58, 0xFD,
    0x43, 0xFD, 0x0C, 0xFE, 0x0C, 0xFD, 0x1D, 0xFD, 0x12, 0xFE, 0x3D, 0xFE, 0x77, 0xFE, 0xA8, 0xFE,
    0x68, 0xFE, 0x16, 0xFF, 0xB5, 0x00, 0x1D, 0x01, 0xF9, 0x00, 0xD9, 0x00, 0xF8, 0xFF, 0xB3, 0xFF,
    0xD2, 0xFE, 0xD7, 0xFC, 0x20, 0xFC, 0x84, 0xFC, 0x27, 0xFD, 0xA2, 0xFD, 0xC6, 0xFD, 0x26, 0xFD,
    0x76, 0xFC, 0x2A, 0xFC, 0x23, 0xFC, 0xDD, 0xFB, 0xC3, 0xFB, 0xF8, 0xFC, 0x6B, 0xFE, 0x51, 0xFF,
    0xBA, 0xFE, 0x67, 0xFD, 0x4B, 0xFC, 0xB8, 0xFB, 0xEF, 0xFA, 0x5A, 0xFA, 0xB1, 0xFB, 0x62, 0xFC,
    0x87, 0xFD, 0xAF, 0xFF, 0xF9, 0x00, 0x7C, 0x01, 0x68, 0x01, 0xA9, 0x00, 0xB5, 0xFF, 0x1C, 0x00,
    0x39, 0x00, 0x84, 0xFF, 0x93, 0xFF, 0x9D, 0xFF, 0x18, 0xFF, 0x64, 0xFE, 0x3A, 0xFC, 0x03, 0xFA,
    0x4F, 0xFA, 0x45, 0xFB, 0x75, 0xFC, 0xA4, 0xFD, 0xAB, 0xFD, 0x22, 0xFE, 0xB2, 0xFF, 0x59, 0x01,
    0x6E, 0x02, 0xA2, 0x02, 0x83, 0x02, 0x6A, 0x02, 0x64, 0x02, 0xD0, 0x01, 0x49, 0x01, 0x32, 0x00,
    0x03, 0xFF, 0xC4, 0xFE, 0xFE, 0xFD, 0x0D, 0xFD, 0x98, 0xFC, 0x40, 0xFB, 0xB9, 0xFA, 0x33, 0xFB,
    0x11, 0xFB, 0x40, 0xFC, 0x61, 0xFE, 0x13, 0x00, 0x0C, 0x01, 0x6A, 0x01, 0xDD, 0x01, 0xFF, 0x01,
    0x58, 0x01, 0x41, 0x01, 0x83, 0x01, 0x28, 0x01, 0x31, 0x01, 0x85, 0x01, 0xFA, 0x00, 0x82, 0x00,
    0xF2, 0xFF, 0xE2, 0xFF, 0xE0, 0x00, 0x0A, 0x01, 0x9D, 0x00, 0xD4, 0x00, 0x37, 0x01, 0x16, 0x01,
    0x31, 0x01, 0x32, 0x01, 0xE5, 0x00, 0x77, 0x00, 0xE9, 0xFF, 0xEF, 0xFF, 0x8E, 0x00, 0x8E, 0x00,
    0xFF, 0x00, 0x5E, 0x01, 0x66, 0x00, 0xD4, 0xFF, 0x61, 0x00, 0x39, 0x00, 0xA3, 0xFF, 0x0C, 0x00,
    0x79, 0xFF, 0xD2, 0xFE, 0x2D, 0xFF, 0x09, 0xFF, 0xDB, 0xFE, 0xE6, 0xFE, 0x40, 0xFE, 0x72, 0xFE,
    0xE7, 0xFE, 0x0A, 0xFF, 0x6E, 0xFF, 0x48, 0xFF, 0xEB, 0xFE, 0xE9, 0xFE, 0xB0, 0xFF, 0x86, 0x00,
    0x0E, 0x01, 0xB1, 0x00, 0x9A, 0x00, 0xB4, 0x00, 0x38, 0x00, 0x88, 0x00, 0x1E, 0x01, 0x42, 0x00,
    0x7D, 0xFF, 0x26, 0xFF, 0xF7, 0xFE, 0x22, 0xFF, 0x17, 0xFF, 0x0D, 0xFF, 0x62, 0xFF, 0x6E, 0xFF,
    0xFB, 0xFE, 0x14, 0xFF, 0x23, 0xFF, 0xD6, 0xFE, 0xF2, 0xFE, 0xA6, 0xFF, 0xC1, 0xFF, 0xC0, 0xFF,
    0x10, 0x00, 0x2E, 0x00, 0x92, 0x00, 0xC7, 0x00, 0x08, 0x01, 0x2E, 0x01, 0x11, 0x01, 0x1B, 0x01,
    0xFB, 0x00, 0x97, 0x00, 0x99, 0x00, 0xEE, 0x00, 0x7A, 0x00, 0x65, 0x00, 0x74, 0x00, 0x85, 0x00,
    0x13, 0x01, 0xE4, 0x00, 0x90, 0x00, 0xE7, 0x00, 0x74, 0x01, 0x90, 0x01, 0xA0, 0x01, 0xA4, 0x01,
    0xFD, 0x01, 0x71, 0x02, 0x49, 0x02, 0x0E, 0x02, 0xE4, 0x01, 0xA9, 0x01, 0xDC, 0x00, 0x30, 0x00,
    0x0B, 0x00, 0x2D, 0x00, 0x83, 0x00, 0xFF, 0x00, 0x31, 0x01, 0xFC, 0x00, 0xD6, 0x00, 0xD5, 0x00,
    0x74, 0x01, 0x83, 0x02, 0xC6, 0x02, 0xB7, 0x01, 0xC6, 0x00, 0xC1, 0x00, 0x88, 0x01, 0x90, 0x01,
    0xC7, 0x00, 0xE5, 0xFF, 0xFC, 0xFE, 0x1A, 0xFE, 0xA1, 0xFD, 0xE3, 0xFD, 0x40, 0xFE, 0xB0, 0xFE,
    0x5B, 0xFF, 0x1D, 0x00, 0xC1, 0x00, 0x3F, 0x01, 0x8D, 0x01, 0x38, 0x02, 0xF2, 0x02, 0x8E, 0x03,
    0x28, 0x04, 0xE5, 0x04, 0xD1, 0x04, 0xA8, 0x04, 0xCB, 0x04, 0x12, 0x05, 0x4A, 0x05, 0xC7, 0x04,
    0x56, 0x04, 0xC9, 0x03, 0xB0, 0x02, 0x31, 0x02, 0x34, 0x02, 0xA5, 0x01, 0xD1, 0x00, 0x6E, 0xFF,
    0x81, 0xFE, 0xD1, 0xFE, 0xD1, 0xFE, 0x7D, 0xFE, 0x5E, 0xFE, 0xFF, 0xFD, 0x51, 0xFD, 0x21, 0xFD,
    0x07, 0xFD, 0xE4, 0xFC, 0xD4, 0xFC, 0x4A, 0xFD, 0x7B, 0xFD, 0xF2, 0xFD, 0x7A, 0xFE, 0xBF, 0xFD,
    0x2B, 0xFD, 0x3A, 0xFD, 0xA5, 0xFD, 0x24, 0xFE, 0x83, 0xFE, 0xF6, 0xFE, 0x0F, 0xFF, 0xEA, 0xFE,
    0x1C, 0xFF, 0xEA, 0xFE, 0xD3, 0xFE, 0x28, 0xFF, 0x42, 0xFF, 0x18, 0xFF, 0x4F, 0xFF, 0xBC, 0xFF,
    0xB7, 0xFF, 0xE5, 0xFF, 0x91, 0x00, 0x7D, 0x00, 0x47, 0x00, 0x18, 0x00, 0xE9, 0xFF, 0x83, 0x00,
    0xC7, 0x00, 0x11, 0x01, 0x72, 0x01, 0x86, 0x01, 0xA1, 0x01, 0x7B, 0x02, 0x3E, 0x03, 0xA4, 0x03,
    0xCF, 0x03, 0x81, 0x03, 0xBD, 0x02, 0x2B, 0x02, 0x45, 0x02, 0xCD, 0x02, 0x8F, 0x03, 0x39, 0x04,
    0x9B, 0x04, 0xBF, 0x04, 0xEC, 0x04, 0xBF, 0x04, 0x53, 0x04, 0x0C, 0x04, 0x22, 0x04, 0xD0, 0x03,
    0x6F, 0x03, 0xA5, 0x03, 0xC0, 0x03, 0xDC, 0x03, 0xDF, 0x03, 0xD2, 0x03, 0x23, 0x03, 0x73, 0x02,
    0x12, 0x02, 0xE0, 0x01, 0xF8, 0x01, 0xB9, 0x02, 0x75, 0x03, 0x86, 0x03, 0x94, 0x03, 0x02, 0x04,
    0xA7, 0x04, 0xE9, 0x04, 0x1A, 0x05, 0x49, 0x05, 0x6C, 0x05, 0x4B, 0x05, 0xCE, 0x04, 0x04, 0x04,
    0xC4, 0x03, 0x5D, 0x03, 0x1B, 0x03, 0x0C, 0x03, 0x9F, 0x02, 0x91, 0x01, 0xF4, 0x00, 0xE7, 0x00,
    0x9D, 0x00, 0x3E, 0x00, 0x02, 0x00, 0x35, 0xFF, 0x4E, 0xFE, 0x21, 0xFE, 0x7D, 0xFD, 0x23, 0xFD,
    0xDA, 0xFC, 0xC8, 0xFC, 0x5A, 0xFD, 0x92, 0xFD, 0x8A, 0xFD, 0x53, 0xFD, 0x1E, 0xFD, 0x25, 0xFD,
    0x7A, 0xFD, 0xFB, 0xFD, 0x8D, 0xFE, 0xFC, 0xFE, 0x7A, 0xFF, 0xAE, 0xFF, 0x54, 0xFF, 0x99, 0xFF,
    0xF6, 0xFF, 0x26, 0x00, 0x42, 0x00, 0x5E, 0x00, 0xB5, 0x00, 0x23, 0x01, 0xED, 0x01, 0x3B, 0x02,
    0x43, 0x02, 0x2B, 0x02, 0xAE, 0x01, 0xD6, 0x00, 0x5D, 0x00, 0x74, 0x00, 0x4C, 0x00, 0xD9, 0xFF,
    0xB3, 0xFF, 0xBD, 0xFF, 0xDD, 0xFF, 0xD8, 0xFF, 0xFD, 0xFF, 0xF7, 0xFF, 0xD5, 0xFF, 0xD5, 0xFF,
    0x88, 0xFF, 0x5C, 0xFF, 0x7F, 0xFF, 0x6A, 0xFF, 0x92, 0xFF, 0x6E, 0x00, 0x5F, 0x01, 0xA9, 0x01,
    0xB7, 0x01, 0xEB, 0x01, 0xCA, 0x01, 0xFC, 0x01, 0x3D, 0x02, 0x17, 0x02, 0x74, 0x02, 0xC5, 0x02,
    0xAE, 0x02, 0xD6, 0x02, 0xDA, 0x02, 0xE4, 0x01, 0xD4, 0x00, 0x36, 0x00, 0x03, 0x00, 0xF2, 0xFF,
    0xD5, 0xFF, 0x25, 0x00, 0x4D, 0x00, 0x19, 0x00, 0x60, 0xFF, 0x67, 0xFE, 0xFC, 0xFD, 0x05, 0xFE,
    0xE2, 0xFD, 0xAB, 0xFD, 0xA6, 0xFD, 0xD5, 0xFD, 0xE1, 0xFD, 0xDE, 0xFD, 0x34, 0xFE, 0x93, 0xFE,
    0xB7, 0xFE, 0xCE, 0xFE, 0x13, 0xFF, 0x4F, 0xFF, 0xC7, 0xFF, 0x39, 0x00, 0x4E, 0x00, 0x31, 0x00,
    0x58, 0x00, 0xE9, 0xFF, 0x0E, 0xFF, 0x2E, 0xFF, 0x26, 0xFF, 0x06, 0xFF, 0xC7, 0xFE, 0xB8, 0xFE,
    0xDB, 0xFE, 0xE8, 0xFE, 0xFF, 0xFE, 0x2E, 0xFF, 0x58, 0xFF, 0x6B, 0xFF, 0x7F, 0xFF, 0x86, 0xFF,
    0x9A, 0xFF, 0xA2, 0xFF, 0xA9, 0xFF, 0xA4, 0xFF, 0x91, 0xFF, 0x93, 0xFF, 0xBF, 0xFF, 0xEC, 0xFF,
    0x00, 0x00, 0xF6, 0xFF, 0xE7, 0xFF, 0xEA, 0xFF, 0xE0, 0xFF, 0xC2, 0xFF, 0x9D, 0xFF, 0x93, 0xFF,
    0x8D, 0xFF, 0x8D, 0xFF, 0x8C, 0xFF, 0x7C, 0xFF, 0x6C, 0xFF, 0x56, 0xFF, 0x3B, 0xFF, 0x36, 0xFF,
    0x36, 0xFF, 0x64, 0xFF, 0x82, 0xFF, 0x93, 0xFF, 0x90, 0xFF, 0x99, 0xFF, 0x9E, 0xFF, 0xC3, 0xFF,
    0xDB, 0xFF, 0xEF, 0xFF, 0xFC, 0xFF, 0x02, 0x00, 0x0D, 0x00, 0x02, 0x00, 0xFB, 0xFF, 0x05, 0x00,
    0x22, 0x00, 0x3A, 0x00, 0x4C, 0x00, 0x54, 0x00, 0x60, 0x00, 0x68, 0x00, 0x7F, 0x00, 0x82, 0x00,
    0x6F, 0x00, 0x62, 0x00, 0x89, 0x00, 0x7C, 0x00, 0x8C, 0x00, 0x95, 0x00, 0x76, 0x00, 0x7A, 0x00,
    0x6F, 0x00, 0x65, 0x00, 0x5C, 0x00, 0x5A, 0x00, 0x5C, 0x00, 0x69, 0x00, 0x79, 0x00, 0x8B, 0x00,
    0x70, 0x00, 0x67, 0x00, 0x88, 0x00, 0x7F, 0x00, 0x82, 0x00, 0x92, 0x00, 0x85, 0x00, 0x83, 0x00,
    0x7E, 0x00, 0x8E, 0x00, 0x79, 0x00, 0x64, 0x00, 0x56, 0x00, 0x57, 0x00, 0x82, 0x00, 0x7E, 0x00,
    0x87, 0x00, 0x51, 0x00, 0x50, 0x00, 0x52, 0x00, 0x64, 0x00, 0x7E, 0x00, 0x78, 0x00, 0x80, 0x00,
    0x6D, 0x00, 0x6B, 0x00, 0x86, 0x00, 0x69, 0x00, 0x56, 0x00, 0x16, 0x00, 0x01, 0x00, 0x08, 0x00,
    0x2F, 0x00, 0x22, 0x00, 0x34, 0x00, 0x2E, 0x00, 0x0D, 0x00, 0x02, 0x00, 0xFA, 0xFF, 0xEE, 0xFF,
    0xD3, 0xFF, 0xAF, 0xFF, 0xBD, 0xFF, 0xBF, 0xFF, 0xB8, 0xFF, 0xCE, 0xFF, 0xF2, 0xFF, 0x07, 0x00,
    0x0D, 0x00, 0xF2, 0xFF, 0xE5, 0xFF, 0xD2, 0xFF, 0xBC, 0xFF, 0x97, 0xFF, 0x71, 0xFF, 0x6A, 0xFF,
    0x58, 0xFF, 0x42, 0xFF, 0x2C, 0xFF, 0x20, 0xFF, 0x29, 0xFF, 0x1B, 0xFF, 0x0B, 0xFF, 0x1F, 0xFF,
    0x32, 0xFF, 0x3B, 0xFF, 0x50, 0xFF, 0x63, 0xFF, 0x96, 0xFF, 0xAB, 0xFF, 0xC0, 0xFF, 0xCC, 0xFF,
    0xC3, 0xFF, 0xCE, 0xFF, 0xF6, 0xFF, 0x09, 0x00, 0x28, 0x00, 0x49, 0x00, 0x5D, 0x00, 0x7E, 0x00,
    0xB9, 0x00, 0xDA, 0x00, 0xF2, 0x00, 0x0B, 0x01, 0x1A, 0x01, 0x1E, 0x01, 0x0A, 0x01, 0x05, 0x01,
    0x05, 0x01, 0xF1, 0x00, 0xCE, 0x00, 0x97, 0x00, 0x64, 0x00, 0x3E, 0x00, 0x23, 0x00, 0x1C, 0x00,
    0x12, 0x00, 0xEF, 0xFF, 0xF3, 0xFF, 0x02, 0x00, 0x13, 0x00, 0x29, 0x00, 0x2B, 0x00, 0x43, 0x00,
    0x5F, 0x00, 0x71, 0x00, 0x8B, 0x00, 0x7E, 0x00, 0x7C, 0x00, 0x74, 0x00, 0x78, 0x00, 0x6C, 0x00,
    0x56, 0x00, 0x26, 0x00, 0x06, 0x00, 0xEE, 0xFF, 0xF0, 0xFF, 0x17, 0x00, 0x13, 0x00, 0x3A, 0x00,
    0x50, 0x00, 0x5A, 0x00, 0x62, 0x00, 0x60, 0x00, 0x62, 0x00, 0x52, 0x00, 0x5A, 0x00, 0x5F, 0x00,
    0x6B, 0x00, 0x61, 0x00, 0x40, 0x00, 0x1E, 0x00, 0x1D, 0x00, 0x1F, 0x00, 0x18, 0x00, 0x05, 0x00,
    0xEB, 0xFF, 0xE1, 0xFF, 0xE4, 0xFF, 0xE1, 0xFF, 0xDB, 0xFF, 0xCE, 0xFF, 0xC8, 0xFF, 0xDA, 0xFF,
    0xFB, 0xFF, 0xFD, 0xFF, 0x24, 0x00, 0x37, 0x00, 0x4B, 0x00, 0x64, 0x00, 0x61, 0x00, 0x4D, 0x00,
    0x51, 0x00, 0x56, 0x00, 0x46, 0x00, 0x36, 0x00, 0x14, 0x00, 0x05, 0x00, 0xF9, 0xFF, 0xF3, 0xFF,
    0x0D, 0x00, 0x20, 0x00, 0x22, 0x00, 0x0B, 0x00, 0xF1, 0xFF, 0xEF, 0xFF, 0xE2, 0xFF, 0xE7, 0xFF,
    0xD5, 0xFF, 0xD7, 0xFF, 0xBE, 0xFF, 0xB0, 0xFF, 0x9B, 0xFF, 0x86, 0xFF, 0x6A, 0xFF, 0x5F, 0xFF,
    0x63, 0xFF, 0x60, 0xFF, 0x67, 0xFF, 0x62, 0xFF, 0x63, 0xFF, 0x65, 0xFF, 0x79, 0xFF, 0x9C, 0xFF,
    0xB0, 0xFF, 0xB5, 0xFF, 0xB1, 0xFF, 0xAD, 0xFF, 0xA6, 0xFF, 0xAA, 0xFF, 0x93, 0xFF, 0x84, 0xFF,
    0x79, 0xFF, 0x80, 0xFF, 0x6B, 0xFF, 0x5A, 0xFF, 0x58, 0xFF, 0x73, 0xFF, 0x6E, 0xFF, 0x62, 0xFF,
    0x5F, 0xFF, 0x66, 0xFF, 0x65, 0xFF, 0x77, 0xFF, 0x83, 0xFF, 0x85, 0xFF, 0x88, 0xFF, 0x91, 0xFF,
    0x87, 0xFF, 0x84, 0xFF, 0x75, 0xFF, 0x72, 0xFF, 0x87, 0xFF, 0x91, 0xFF, 0x9B, 0xFF, 0xA0, 0xFF,
    0x9A, 0xFF, 0x8A, 0xFF, 0x9A, 0xFF, 0x8E, 0xFF, 0x8B, 0xFF, 0x8F, 0xFF, 0xAC, 0xFF, 0xBA, 0xFF,
    0xC0, 0xFF, 0xC2, 0xFF, 0xBF, 0xFF, 0xB7, 0xFF, 0xA2, 0xFF, 0x9B, 0xFF, 0x75, 0xFF, 0x54, 0xFF,
    0x35, 0xFF, 0x32, 0xFF, 0x24, 0xFF, 0x2A, 0xFF, 0x2C, 0xFF, 0x26, 0xFF, 0x24, 0xFF, 0x2B, 0xFF,
    0x3B, 0xFF, 0x3C, 0xFF, 0x42, 0xFF, 0x65, 0xFF, 0x87, 0xFF, 0x96, 0xFF, 0x9A, 0xFF, 0xA4, 0xFF,
    0x9A, 0xFF, 0xA5, 0xFF, 0xB3, 0xFF, 0xC5, 0xFF, 0xD0, 0xFF, 0xCE, 0xFF, 0xD4, 0xFF, 0xF4, 0xFF,
    0x12, 0x00, 0x16, 0x00, 0x2A, 0x00, 0x2D, 0x00, 0x3A, 0x00, 0x46, 0x00, 0x41, 0x00, 0x41, 0x00,
    0x2A, 0x00, 0x17, 0x00, 0x1D, 0x00, 0x28, 0x00, 0x2A, 0x00, 0x0E, 0x00, 0xF7, 0xFF, 0xF2, 0xFF,
    0xF1, 0xFF, 0xF7, 0xFF, 0xF4, 0xFF, 0x04, 0x00, 0x15, 0x00, 0x23, 0x00, 0x22, 0x00, 0x1F, 0x00,
    0x03, 0x00, 0xFB, 0xFF, 0xF8, 0xFF, 0x08, 0x00, 0x16, 0x00, 0x1B, 0x00, 0x12, 0x00, 0x14, 0x00,
    0x11, 0x00, 0x2B, 0x00, 0x42, 0x00, 0x42, 0x00, 0x4D, 0x00, 0x44, 0x00, 0x3E, 0x00, 0x40, 0x00,
    0x40, 0x00, 0x3A, 0x00, 0x44, 0x00, 0x49, 0x00, 0x4B, 0x00, 0x50, 0x00, 0x39, 0x00, 0x3E, 0x00,
    0x30, 0x00, 0x1E, 0x00, 0x0A, 0x00, 0x06, 0x00, 0x01, 0x00, 0x10, 0x00, 0x2B, 0x00, 0x40, 0x00,
    0x48, 0x00, 0x53, 0x00, 0x5C, 0x00, 0x54, 0x00, 0x41, 0x00, 0x31, 0x00, 0x28, 0x00, 0x1F, 0x00,
    0x15, 0x00, 0x28, 0x00, 0x3C, 0x00, 0x36, 0x00, 0x46, 0x00, 0x54, 0x00, 0x5A, 0x00, 0x5E, 0x00,
    0x5B, 0x00, 0x61, 0x00, 0x72, 0x00, 0x7C, 0x00, 0x91, 0x00, 0x98, 0x00, 0x9E, 0x00, 0xA2, 0x00,
    0x97, 0x00, 0x7C, 0x00, 0x60, 0x00, 0x3C, 0x00, 0x24, 0x00, 0x18, 0x00, 0x13, 0x00, 0x0E, 0x00,
    0x0A, 0x00, 0x0F, 0x00, 0x23, 0x00, 0x42, 0x00, 0x43, 0x00, 0x4B, 0x00, 0x4D, 0x00, 0x47, 0x00,
    0x3F, 0x00, 0x53, 0x00, 0x5D, 0x00, 0x61, 0x00, 0x5C, 0x00, 0x56, 0x00, 0x43, 0x00, 0x2B, 0x00,
    0x19, 0x00, 0x11, 0x00, 0x11, 0x00, 0x15, 0x00, 0x20, 0x00, 0x28, 0x00, 0x39, 0x00, 0x3A, 0x00,
    0x31, 0x00, 0x33, 0x00, 0x2C, 0x00, 0x2E, 0x00, 0x32, 0x00, 0x2E, 0x00, 0x2A, 0x00, 0x2A, 0x00,
    0x28, 0x00, 0x20, 0x00, 0x1E, 0x00, 0x23, 0x00, 0x23, 0x00, 0x21, 0x00, 0x1B, 0x00, 0x1A, 0x00,
    0x0E, 0x00, 0x0E, 0x00, 0x11, 0x00, 0x0D, 0x00, 0x07, 0x00, 0x04, 0x00, 0xFB, 0xFF, 0xFA, 0xFF,
    0xF9, 0xFF, 0xFC, 0xFF, 0xFA, 0xFF, 0x03, 0x00, 0x02, 0x00, 0xFC, 0xFF, 0xFD, 0xFF, 0xFC, 0xFF,
    0xF9, 0xFF, 0x03, 0x00, 0x0D, 0x00, 0x02, 0x00, 0xF5, 0xFF, 0xF2, 0xFF, 0x00, 0x00, 0x11, 0x00,
    0x1D, 0x00, 0x11, 0x00, 0x15, 0x00, 0x0D, 0x00, 0x14, 0x00, 0x13, 0x00, 0x0A, 0x00, 0xFC, 0xFF,
    0xF7, 0xFF, 0xF3, 0xFF, 0xEC, 0xFF, 0xF4, 0xFF, 0xFE, 0xFF, 0x0E, 0x00, 0x06, 0x00, 0x0F, 0x00,
    0x07, 0x00, 0x06, 0x00, 0x0C, 0x00, 0x17, 0x00, 0x1F, 0x00, 0x22, 0x00, 0x25, 0x00, 0x26, 0x00,
    0x2A, 0x00, 0x23, 0x00, 0x20, 0x00, 0x14, 0x00, 0x0D, 0x00, 0xF3, 0xFF, 0xED, 0xFF, 0xF1, 0xFF,
    0xF8, 0xFF, 0xFB, 0xFF, 0x03, 0x00, 0x03, 0x00, 0x03, 0x00, 0xF4, 0xFF, 0xF0, 0xFF, 0xDB, 0xFF,
    0xE1, 0xFF, 0xE2, 0xFF, 0xDD, 0xFF, 0xCC, 0xFF, 0xC9, 0xFF, 0xCD, 0xFF, 0xCA, 0xFF, 0xD5, 0xFF,
    0xE6, 0xFF, 0xEE, 0xFF, 0xE8, 0xFF, 0xE8, 0xFF, 0xF2, 0xFF, 0xF3, 0xFF, 0xFF, 0xFF, 0xFC, 0xFF,
    0x04, 0x00, 0x01, 0x00, 0x0A, 0x00, 0x16, 0x00, 0x24, 0x00, 0x26, 0x00, 0x23, 0x00, 0x1A, 0x00,
    0x1B, 0x00, 0x16, 0x00, 0x14, 0x00, 0x06, 0x00, 0xFE, 0xFF, 0xF7, 0xFF, 0xEE, 0xFF, 0xD8, 0xFF,
    0xCF, 0xFF, 0xCA, 0xFF, 0xC9, 0xFF, 0xC9, 0xFF, 0xC3, 0xFF, 0xC2, 0xFF, 0xC0, 0xFF, 0xCB, 0xFF,
    0xD1, 0xFF, 0xD5, 0xFF, 0xCE, 0xFF, 0xCD, 0xFF, 0xC5, 0xFF, 0xD4, 0xFF, 0xD5, 0xFF, 0xDB, 0xFF,
    0xDF, 0xFF, 0xE0, 0xFF, 0xEA, 0xFF, 0xEF, 0xFF, 0xF1, 0xFF, 0xF4, 0xFF, 0xF8, 0xFF, 0x02, 0x00,
    0x0C, 0x00, 0x13, 0x00, 0x1C, 0x00, 0x1A, 0x00, 0x20, 0x00, 0x1A, 0x00, 0x1E, 0x00, 0x21, 0x00,
    0x20, 0x00, 0x2E, 0x00, 0x2F, 0x00, 0x20, 0x00, 0x1A, 0x00, 0x15, 0x00, 0x1D, 0x00, 0x1D, 0x00,
    0x1C, 0x00, 0x17, 0x00, 0x14, 0x00, 0x0C, 0x00, 0x0B, 0x00, 0x02, 0x00, 0x09, 0x00, 0x0A, 0x00,
    0x05, 0x00, 0x00, 0x00, 0xFC, 0xFF, 0xF9, 0xFF, 0xF0, 0xFF, 0xF7, 0xFF, 0xFC, 0xFF, 0x02, 0x00,
    0x01, 0x00, 0xFE, 0xFF, 0xFF, 0xFF, 0xFE, 0xFF, 0xFC, 0xFF, 0x06, 0x00, 0x03, 0x00, 0x00, 0x00,
    0xFF, 0xFF, 0xFA, 0xFF, 0x05, 0x00, 0xFC, 0xFF, 0x04, 0x00, 0xFE, 0xFF, 0xFF, 0xFF, 0xFA, 0xFF,
    0xF5, 0xFF, 0xF1, 0xFF, 0xEE, 0xFF, 0xED, 0xFF, 0xE5, 0xFF, 0xDA, 0xFF, 0xD0, 0xFF, 0xC6, 0xFF,
    0xC4, 0xFF, 0xC8, 0xFF, 0xC2, 0xFF, 0xBE, 0xFF, 0xB4, 0xFF, 0xB1, 0xFF, 0xB7, 0xFF, 0xAE, 0xFF,
    0xBA, 0xFF, 0xB9, 0xFF, 0xC6, 0xFF, 0xC1, 0xFF, 0xC1, 0xFF, 0xBD, 0xFF, 0xBB, 0xFF, 0xB8, 0xFF,
    0xC1, 0xFF, 0xC1, 0xFF, 0xC8, 0xFF, 0xCF, 0xFF, 0xD7, 0xFF, 0xD0, 0xFF, 0xCF, 0xFF, 0xBD, 0xFF,
    0xBD, 0xFF, 0xBB, 0xFF, 0xBA, 0xFF, 0xCA, 0xFF, 0xC8, 0xFF, 0xCD, 0xFF, 0xC2, 0xFF, 0xC0, 0xFF,
    0xB7, 0xFF, 0xB8, 0xFF, 0xB6, 0xFF, 0xBA, 0xFF, 0xC0, 0xFF, 0xBD, 0xFF, 0xC4, 0xFF, 0xC4, 0xFF,
    0xC9, 0xFF, 0xCA, 0xFF, 0xDC, 0xFF, 0xDD, 0xFF, 0xEF, 0xFF, 0xED, 0xFF, 0xF9, 0xFF, 0xF8, 0xFF,
    0x04, 0x00, 0x0A, 0x00, 0x0C, 0x00, 0x15, 0x00, 0x13, 0x00, 0x16, 0x00, 0x21, 0x00, 0x26, 0x00,
    0x34, 0x00, 0x2E, 0x00, 0x29, 0x00, 0x29, 0x00, 0x25, 0x00, 0x27, 0x00, 0x2C, 0x00, 0x35, 0x00,
    0x3B, 0x00, 0x41, 0x00, 0x42, 0x00, 0x40, 0x00, 0x38, 0x00, 0x30, 0x00, 0x2D, 0x00, 0x2B, 0x00,
    0x31, 0x00, 0x3A, 0x00, 0x45, 0x00, 0x4D, 0x00, 0x4C, 0x00, 0x4B, 0x00, 0x46, 0x00, 0x45, 0x00,
    0x3A, 0x00, 0x45, 0x00, 0x3B, 0x00, 0x44, 0x00, 0x38, 0x00, 0x3D, 0x00, 0x32, 0x00, 0x31, 0x00,
    0x27, 0x00, 0x29, 0x00, 0x27, 0x00, 0x2B, 0x00, 0x2C, 0x00, 0x31, 0x00, 0x32, 0x00, 0x2F, 0x00,
    0x31, 0x00, 0x2D, 0x00, 0x2C, 0x00, 0x2D, 0x00, 0x25, 0x00, 0x2A, 0x00, 0x20, 0x00, 0x25, 0x00,
    0x19, 0x00, 0x1D, 0x00, 0x15, 0x00, 0x17, 0x00, 0x1B, 0x00, 0x1E, 0x00, 0x25, 0x00, 0x28, 0x00,
    0x2C, 0x00, 0x2D, 0x00, 0x2C, 0x00, 0x22, 0x00, 0x1E, 0x00, 0x15, 0x00, 0x15, 0x00, 0x14, 0x00,
    0x13, 0x00, 0x15, 0x00, 0x17, 0x00, 0x14, 0x00, 0x16, 0x00, 0x0E, 0x00, 0x0B, 0x00, 0x08, 0x00,
    0x06, 0x00, 0x08, 0x00, 0x08, 0x00, 0x03, 0x00, 0x07, 0x00, 0xFD, 0xFF, 0xFE, 0xFF, 0xF2, 0xFF,
    0xF2, 0xFF, 0xEE, 0xFF, 0xEB, 0xFF, 0xEC, 0xFF, 0xE6, 0xFF, 0xEE, 0xFF, 0xEA, 0xFF, 0xF2, 0xFF,
    0xEF, 0xFF, 0xF2, 0xFF, 0xEF, 0xFF, 0xF5, 0xFF, 0xF1, 0xFF, 0xF9, 0xFF, 0xF9, 0xFF, 0xF7, 0xFF,
    0xF7, 0xFF, 0xF0, 0xFF, 0xF7, 0xFF, 0xF4, 0xFF, 0xF5, 0xFF, 0xF5, 0xFF, 0xF2, 0xFF, 0xF1, 0xFF,
    0xEA, 0xFF, 0xEA, 0xFF, 0xEC, 0xFF, 0xE4, 0xFF, 0xE8, 0xFF, 0xE4, 0xFF, 0xDF, 0xFF, 0xE6, 0xFF,
    0xDF, 0xFF, 0xE4, 0xFF, 0xE6, 0xFF, 0xE1, 0xFF, 0xE6, 0xFF, 0xDF, 0xFF, 0xE3, 0xFF, 0xE1, 0xFF,
    0xE3, 0xFF, 0xE0, 0xFF, 0xE5, 0xFF, 0xE0, 0xFF, 0xE2, 0xFF, 0xE0, 0xFF, 0xDF, 0xFF, 0xE2, 0xFF,
    0xDF, 0xFF, 0xE3, 0xFF, 0xDB, 0xFF, 0xE3, 0xFF, 0xDF, 0xFF, 0xE2, 0xFF, 0xE4, 0xFF, 0xE0, 0xFF,
    0xE3, 0xFF, 0xE5, 0xFF, 0xE5, 0xFF, 0xEB, 0xFF, 0xE9, 0xFF, 0xEC, 0xFF, 0xF0, 0xFF, 0xEF, 0xFF,
    0xF3, 0xFF, 0xF2, 0xFF, 0xF3, 0xFF, 0xF5, 0xFF, 0xF5, 0xFF, 0xF5, 0xFF, 0xF9, 0xFF, 0xF5, 0xFF,
    0xFA, 0xFF, 0xF5, 0xFF, 0xF8, 0xFF, 0xF7, 0xFF, 0xF7, 0xFF, 0xF8, 0xFF, 0xF6, 0xFF, 0xFB, 0xFF,
    0xF5, 0xFF, 0xFF, 0xFF, 0xF5, 0xFF, 0xFF, 0xFF, 0xF8, 0xFF, 0xFC, 0xFF, 0xFD, 0xFF, 0xF9, 0xFF,
    0xFE, 0xFF, 0xFC, 0xFF, 0xFC, 0xFF, 0xFF, 0xFF, 0xFD, 0xFF, 0x00, 0x00, 0xFF, 0xFF, 0x02, 0x00,
    0xFD, 0xFF, 0x03, 0x00, 0xFD, 0xFF, 0x02, 0x00, 0xFE, 0xFF, 0x01, 0x00, 0x01, 0x00, 0xFE, 0xFF,
    0x03, 0x00, 0xFD, 0xFF, 0x02, 0x00, 0xFF, 0xFF, 0x00, 0x00, 0x00, 0x00, 0x02, 0x00, 0xFE, 0xFF,
    0x02, 0x00, 0xFD, 0xFF, 0x03, 0x00, 0xFE, 0xFF, 0x02, 0x00, 0xFE, 0xFF, 0x01, 0x00, 0xFF, 0xFF,
    0x01, 0x00, 0xFF, 0xFF, 0x01, 0x00, 0xFE, 0xFF, 0x02, 0x00, 0xFE, 0xFF, 0x01, 0x00, 0x00, 0x00,
    0xFE, 0xFF, 0x03, 0x00, 0xFD, 0xFF, 0x03, 0x00, 0xFD, 0xFF, 0x02, 0x00, 0xFE, 0xFF, 0x01, 0x00,
    0xFF, 0xFF, 0x01, 0x00, 0xFF, 0xFF, 0x01, 0x00, 0xFE, 0xFF, 0x02, 0x00, 0xFE, 0xFF, 0x01, 0x00,
    0x00, 0x00, 0xFE, 0xFF, 0x04, 0x00, 0xFB, 0xFF, 0x05, 0x00, 0xFB, 0xFF, 0x04, 0x00, 0xFD, 0xFF,
    0x02, 0x00, 0xFF, 0xFF, 0x01, 0x00, 0xFE, 0xFF, 0x02, 0x00, 0xFE, 0xFF, 0x02, 0x00, 0xFF, 0xFF,
    0x00, 0x00, 0x01, 0x00, 0xFE, 0xFF, 0x02, 0x00, 0xFE, 0xFF, 0x02, 0x00, 0xFF, 0xFF, 0x02, 0x00,
    0xFE, 0xFF, 0x01, 0x00, 0xFF, 0xFF, 0x02, 0x00, 0xFE, 0xFF, 0x03, 0x00, 0xFD, 0xFF, 0x03, 0x00,
    0xFD, 0xFF, 0x02, 0x00, 0xFF, 0xFF, 0x01, 0x00, 0xFF, 0xFF, 0x01, 0x00, 0xFF, 0xFF, 0x00, 0x00,
    0x02, 0x00, 0xFC, 0xFF, 0x05, 0x00, 0xFC, 0xFF, 0x01, 0x00, 0x01, 0x00, 0xFE, 0xFF, 0x02, 0x00,
    0xFF, 0xFF, 0x00, 0x00, 0x01, 0x00, 0xFE, 0xFF, 0x03, 0x00, 0xFD, 0xFF, 0x03, 0x00, 0xFE, 0xFF,
    0x00, 0x00, 0x02, 0x00, 0xFC, 0xFF, 0x04, 0x00, 0xFC, 0xFF, 0x04, 0x00, 0xFD, 0xFF, 0x02, 0x00,
    0xFE, 0xFF, 0x02, 0x00, 0xFE, 0xFF, 0x02, 0x00, 0xFE, 0xFF, 0x03, 0x00, 0xFC, 0xFF, 0x05, 0x00,
    0xFB, 0xFF, 0x05, 0x00, 0xFB, 0xFF, 0x04, 0x00, 0xFD, 0xFF, 0x03, 0x00, 0xFC, 0xFF, 0x04, 0x00,
    0xFB, 0xFF, 0x05, 0x00, 0xFD, 0xFF, 0x01, 0x00, 0xFF, 0xFF, 0x01, 0x00, 0xFE, 0xFF, 0x03, 0x00,
    0xFE, 0xFF, 0x00, 0x00, 0x01, 0x00, 0xFE, 0xFF, 0x02, 0x00, 0xFF, 0xFF, 0x01, 0x00, 0xFE, 0xFF,
    0x01, 0x00, 0x00, 0x00, 0x00, 0x00, 0x00, 0x00, 0x00, 0x00, 0xFF, 0xFF, 0x02, 0x00, 0xFE, 0xFF,
    0x02, 0x00, 0xFD, 0xFF, 0x03, 0x00, 0xFE, 0xFF, 0x02, 0x00, 0xFE, 0xFF, 0x02, 0x00, 0xFE, 0xFF,
    0x02, 0x00, 0xFF, 0xFF, 0x00, 0x00, 0x01, 0x00, 0xFE, 0xFF, 0x02, 0x00, 0xFF, 0xFF, 0x00, 0x00,
    0x01, 0x00, 0xFE, 0xFF, 0x03, 0x00, 0xFC, 0xFF, 0x05, 0x00, 0xFB, 0xFF, 0x05, 0x00, 0xFC, 0xFF,
    0x03, 0x00, 0xFE, 0xFF, 0x01, 0x00, 0x01, 0x00, 0xFD, 0xFF, 0x05, 0x00, 0xFB, 0xFF, 0x04, 0x00,
    0xFE, 0xFF, 0x01, 0x00, 0xFF, 0xFF, 0x02, 0x00, 0xFD, 0xFF, 0x03, 0x00, 0xFE, 0xFF, 0x00, 0x00,
    0x02, 0x00, 0xFD, 0xFF, 0x03, 0x00, 0xFE, 0xFF, 0x01, 0x00, 0x00, 0x00, 0xFF, 0xFF, 0x02, 0x00,
    0xFD, 0xFF, 0x04, 0x00, 0xFD, 0xFF, 0x01, 0x00, 0x00, 0x00, 0xFF, 0xFF, 0x02, 0x00, 0xFE, 0xFF,
    0x01, 0x00, 0x00, 0x00, 0xFF, 0xFF, 0x02, 0x00, 0xFD, 0xFF, 0x03, 0x00, 0xFE, 0xFF, 0x02, 0x00,
    0xFE, 0xFF, 0x01, 0x00, 0x00, 0x00, 0xFF, 0xFF, 0x02, 0x00, 0xFD, 0xFF, 0x04, 0x00, 0xFB, 0xFF,
    0x05, 0x00, 0xFB, 0xFF, 0x05, 0x00, 0xFC, 0xFF, 0x02, 0x00, 0xFF, 0xFF, 0x01, 0x00, 0xFF, 0xFF,
    0x01, 0x00, 0xFE, 0xFF, 0x03, 0x00, 0xFC, 0xFF, 0x04, 0x00, 0xFC, 0xFF, 0x04, 0x00, 0xFD, 0xFF,
    0x02, 0x00, 0xFD, 0xFF, 0x02, 0x00, 0x00, 0x00, 0xFF, 0xFF, 0x02, 0x00, 0xFD, 0xFF, 0x02, 0x00,
    0xFE, 0xFF, 0x03, 0x00, 0xFD, 0xFF, 0x02, 0x00, 0xFF, 0xFF, 0xFF, 0xFF, 0x02, 0x00, 0xFE, 0xFF,
    0x01, 0x00, 0x00, 0x00, 0x00, 0x00, 0xFE, 0xFF, 0x03, 0x00, 0xFE, 0xFF, 0x00, 0x00, 0x02, 0x00,
    0xFD, 0xFF, 0x01, 0x00, 0x02, 0x00, 0xFC, 0xFF, 0x04, 0x00, 0xFD, 0xFF, 0x02, 0x00, 0xFF, 0xFF,
    0x00, 0x00, 0xFF, 0xFF, 0x02, 0x00, 0xFE, 0xFF, 0x03, 0x00, 0xFD, 0xFF, 0x02, 0x00, 0xFF, 0xFF,
    0x00, 0x00};